location_id,location_name,iso3,level,year,the_total_mean,the_total_lower,the_total_upper,the_total_ppp_mean,the_total_ppp_lower,the_total_ppp_upper,ghes_total_mean,ghes_total_lower,ghes_total_upper,ghes_total_ppp_mean,ghes_total_ppp_lower,ghes_total_ppp_upper,ppp_total_mean,ppp_total_lower,ppp_total_upper,ppp_total_ppp_mean,ppp_total_ppp_lower,ppp_total_ppp_upper,oop_total_mean,oop_total_lower,oop_total_upper,oop_total_ppp_mean,oop_total_ppp_lower,oop_total_ppp_upper,dah_total_mean,dah_total_ppp_mean,the_per_cap_mean,the_per_cap_lower,the_per_cap_upper,the_per_cap_ppp_mean,the_per_cap_ppp_lower,the_per_cap_ppp_upper,ghes_per_cap_mean,ghes_per_cap_lower,ghes_per_cap_upper,ghes_per_cap_ppp_mean,ghes_per_cap_ppp_lower,ghes_per_cap_ppp_upper,ppp_per_cap_mean,ppp_per_cap_lower,ppp_per_cap_upper,ppp_per_cap_ppp_mean,ppp_per_cap_ppp_lower,ppp_per_cap_ppp_upper,oop_per_cap_mean,oop_per_cap_lower,oop_per_cap_upper,oop_per_cap_ppp_mean,oop_per_cap_ppp_lower,oop_per_cap_ppp_upper,dah_per_cap_mean,dah_per_cap_ppp_mean,ghes_per_the_mean,ghes_per_the_lower,ghes_per_the_upper,ppp_per_the_mean,ppp_per_the_lower,ppp_per_the_upper,oop_per_the_mean,oop_per_the_lower,oop_per_the_upper,dah_per_the_mean,dah_per_the_lower,dah_per_the_upper,the_per_gdp_mean,the_per_gdp_lower,the_per_gdp_upper,ghes_per_gdp_mean,ghes_per_gdp_lower,ghes_per_gdp_upper,ppp_per_gdp_mean,ppp_per_gdp_lower,ppp_per_gdp_upper,oop_per_gdp_mean,oop_per_gdp_lower,oop_per_gdp_upper,dah_per_gdp_mean,dah_per_gdp_lower,dah_per_gdp_upper,cluster
160,Afghanistan,AFG,Country,2021,3024750,2940122,3129841,14109068,13714317,14599271,108745,95473,123788,507244,445336,577415,1994,983,3478,9302,4587,16225,2543337,2455367,2645078,11863498.0,11453158,12338073,370674,1729025,97,94,100,452,439,467,3,3,4,16,14,18,0,0,0,0,0,1,81,79,85,380,367,395,12,55,0.036,0.032,0.041,0.001,0.0,0.001,0.841,0.834,0.847,0.123,0.118,0.126,0.247,0.205,0.28,0.009,0.007,0.011,0.0,0.0,0.0,0.207,0.173,0.236,0.03,0.025,0.034,0
43,Albania,ALB,Country,2021,1404771,1328823,1489374,3832753,3625538,4063583,538090,488196,587133,1468117,1331987,1601924,640,316,1115,1745,861,3042,804795,743934,867183,2195791.0,2029737,2366007,61246,167101,528,500,560,1441,1363,1528,202,184,221,552,501,602,0,0,0,1,0,1,303,280,326,826,763,890,23,63,0.383,0.355,0.409,0.0,0.0,0.001,0.573,0.546,0.6,0.044,0.041,0.046,0.083,0.078,0.088,0.032,0.029,0.035,0.0,0.0,0.0,0.047,0.044,0.051,0.004,0.004,0.004,0
139,Algeria,DZA,Country,2021,10483106,9543952,11426254,31400687,28587582,34225758,6180285,5533608,7011531,18512186,16575156,21002068,191968,97901,326007,575014,293248,976509,4048445,3467695,4664223,12126554.0,10387000,13971032,62408,186934,237,215,258,709,645,773,140,125,158,418,374,474,4,2,7,13,7,22,91,78,105,274,234,315,1,4,0.59,0.549,0.63,0.018,0.009,0.031,0.386,0.344,0.427,0.006,0.005,0.007,0.056,0.051,0.06,0.033,0.029,0.037,0.001,0.001,0.002,0.021,0.018,0.025,0.0,0.0,0.0,0
298,American Samoa,ASM,Country,2021,39967,31359,48899,39967,31359,48899,29228,21493,38043,29228,21493,38043,1585,773,2786,1585,773,2786,9154,6370,12441,9154.0,6370,12441,0,0,802,629,981,802,629,981,586,431,763,586,431,763,32,16,56,32,16,56,184,128,250,184,128,250,0,0,0.729,0.641,0.806,0.04,0.02,0.072,0.231,0.162,0.31,0.0,0.0,0.0,0.043,0.033,0.054,0.031,0.023,0.041,0.002,0.001,0.003,0.01,0.007,0.013,0.0,0.0,0.0,0
74,Andorra,AND,Country,2021,257566,240046,276211,414492,386297,444496,190627,173336,208779,306769,278944,335981,36254,33671,39203,58343,54186,63089,30685,29084,32425,49380.0,46805,52181,0,0,3005,2801,3223,4837,4508,5187,2224,2023,2436,3580,3255,3920,423,393,457,681,632,736,358,339,378,576,546,609,0,0,0.74,0.721,0.758,0.141,0.128,0.154,0.119,0.11,0.129,0.0,0.0,0.0,0.077,0.072,0.083,0.057,0.052,0.063,0.011,0.01,0.012,0.009,0.009,0.01,0.0,0.0,0.0,3
168,Angola,AGO,Country,2021,3741050,3213194,4337718,7555683,6489589,8760756,2066659,1670166,2512431,4173967,3373184,5074280,500668,304776,787019,1011184,615547,1589518,857463,645135,1102816,1731792.0,1302959,2227324,316260,638740,114,98,133,231,198,268,63,51,77,128,103,155,15,9,24,31,19,49,26,20,34,53,40,68,10,20,0.552,0.481,0.615,0.133,0.084,0.199,0.229,0.175,0.288,0.085,0.073,0.098,0.033,0.028,0.038,0.018,0.015,0.022,0.004,0.003,0.007,0.008,0.006,0.01,0.003,0.003,0.003,0
105,Antigua and Barbuda,ATG,Country,2021,89648,85022,93912,121131,114880,126891,60028,55795,64083,81108,75389,86588,12263,11828,12699,16570,15982,17159,17357,15642,19329,23453.0,21135,26117,0,0,1002,950,1050,1354,1284,1419,671,624,716,907,843,968,137,132,142,185,179,192,194,175,216,262,236,292,0,0,0.669,0.649,0.689,0.137,0.129,0.145,0.194,0.177,0.213,0.0,0.0,0.0,0.058,0.053,0.064,0.039,0.035,0.044,0.008,0.007,0.009,0.011,0.01,0.013,0.0,0.0,0.0,0
97,Argentina,ARG,Country,2021,59457678,56537393,62660268,115614517,109936069,121841904,36698978,34827614,38651977,71360585,67721746,75158160,8050844,6317918,10119683,15654739,12285092,19677565,13109855,11749508,14613894,25491907.0,22846734,28416487,1598000,3107286,1307,1243,1377,2542,2417,2678,807,766,850,1569,1489,1652,177,139,222,344,270,433,288,258,321,560,502,625,35,68,0.617,0.592,0.642,0.135,0.109,0.167,0.22,0.2,0.242,0.027,0.026,0.028,0.099,0.094,0.104,0.061,0.058,0.064,0.013,0.011,0.017,0.022,0.02,0.024,0.003,0.003,0.003,3
33,Armenia,ARM,Country,2021,2174834,2065044,2284925,5875111,5578522,6172512,378989,332365,434087,1023804,897854,1172646,59389,33966,94405,160435,91757,255027,1699056,1607907,1802521,4589841.0,4343610,4869342,37399,101031,727,690,764,1964,1865,2063,127,111,145,342,300,392,20,11,32,54,31,85,568,537,603,1534,1452,1628,13,34,0.174,0.154,0.196,0.027,0.016,0.043,0.781,0.756,0.803,0.017,0.016,0.018,0.117,0.106,0.131,0.02,0.017,0.024,0.003,0.002,0.005,0.092,0.082,0.103,0.002,0.002,0.002,3
71,Australia,AUS,Country,2021,181643127,177311205,185637498,173786517,169641963,177608119,138216809,134367366,142156455,132238518,128555574,136007762,18405888,17028783,19823715,17609778,16292237,18966280,25020430,24079661,25906783,23938222.0,23038144,24786237,0,0,7042,6874,7197,6738,6577,6886,5359,5209,5511,5127,4984,5273,714,660,769,683,632,735,970,934,1004,928,893,961,0,0,0.761,0.753,0.769,0.101,0.094,0.108,0.138,0.132,0.143,0.0,0.0,0.0,0.113,0.106,0.124,0.086,0.081,0.094,0.011,0.01,0.013,0.016,0.014,0.017,0.0,0.0,0.0,1
75,Austria,AUT,Country,2021,54323445,53532975,55167509,69657001,68643411,70739315,42511373,41784531,43298978,54510806,53578803,55520724,3254151,3052599,3472435,4172681,3914239,4452578,8557921,8372618,8750437,10973515.0,10735907,11220371,0,0,6054,5966,6148,7763,7650,7884,4738,4657,4826,6075,5971,6188,363,340,387,465,436,496,954,933,975,1223,1197,1251,0,0,0.783,0.778,0.788,0.06,0.056,0.064,0.158,0.154,0.161,0.0,0.0,0.0,0.121,0.119,0.123,0.095,0.093,0.097,0.007,0.007,0.008,0.019,0.019,0.02,0.0,0.0,0.0,1
34,Azerbaijan,AZE,Country,2021,3527470,3272331,3795205,8103665,7517535,8718735,1113228,979695,1259900,2557422,2250656,2894373,76652,41206,127413,176092,94664,292705,2309070,2108976,2525848,5304632.0,4844957,5802636,28520,65518,336,312,362,772,717,831,106,93,120,244,215,276,7,4,12,17,9,28,220,201,241,506,462,553,3,6,0.316,0.284,0.349,0.022,0.012,0.036,0.655,0.621,0.686,0.008,0.008,0.009,0.046,0.042,0.049,0.014,0.013,0.016,0.001,0.001,0.002,0.03,0.027,0.033,0.0,0.0,0.0,0
106,Bahamas,BHS,Country,2021,776412,751854,802994,1009638,977704,1044206,434244,414129,456568,564686,538529,593717,150914,141057,161872,196247,183429,210497,191254,183881,197976,248705.0,239116,257446,0,0,2000,1937,2069,2601,2519,2690,1119,1067,1176,1455,1387,1529,389,363,417,506,473,542,493,474,510,641,616,663,0,0,0.559,0.544,0.574,0.194,0.183,0.206,0.246,0.236,0.256,0.0,0.0,0.0,0.072,0.068,0.075,0.04,0.038,0.043,0.014,0.013,0.015,0.018,0.017,0.019,0.0,0.0,0.0,3
140,Bahrain,BHR,Country,2021,1792655,1711231,1881260,3643449,3477960,3823532,1177173,1098062,1257449,2392523,2231735,2555680,200267,185686,215690,407030,377394,438374,415215,375914,455917,843896.0,764019,926619,0,0,1170,1117,1228,2378,2270,2496,768,717,821,1562,1457,1668,131,121,141,266,246,286,271,245,298,551,499,605,0,0,0.657,0.634,0.678,0.112,0.102,0.122,0.232,0.211,0.252,0.0,0.0,0.0,0.041,0.039,0.043,0.027,0.025,0.029,0.005,0.004,0.005,0.009,0.009,0.01,0.0,0.0,0.0,3
161,Bangladesh,BGD,Country,2021,11831109,11191347,12597550,32613751,30850175,34726528,1795096,1303552,2349630,4948380,3593384,6477012,273553,135391,475575,754078,373220,1310976,7458647,7075759,7844697,20560580.0,19505107,21624768,2303813,6350713,72,68,77,198,188,211,11,8,14,30,22,39,2,1,3,5,2,8,45,43,48,125,119,131,14,39,0.151,0.115,0.191,0.023,0.012,0.04,0.631,0.599,0.659,0.195,0.183,0.206,0.03,0.026,0.036,0.005,0.003,0.006,0.001,0.0,0.001,0.019,0.017,0.023,0.006,0.005,0.007,0
107,Barbados,BRB,Country,2021,416719,394753,437887,367834,348445,386519,227136,205407,249247,200491,181310,220008,26652,24929,28498,23526,22005,25155,162931,155394,170483,143818.0,137164,150483,0,0,1392,1318,1462,1228,1164,1291,759,686,832,670,606,735,89,83,95,79,73,84,544,519,569,480,458,503,0,0,0.545,0.518,0.569,0.064,0.059,0.069,0.391,0.369,0.418,0.0,0.0,0.0,0.076,0.071,0.081,0.041,0.037,0.046,0.005,0.004,0.005,0.03,0.028,0.032,0.0,0.0,0.0,3
57,Belarus,BLR,Country,2021,5145180,4880663,5390627,14823424,14061342,15530564,3709111,3509315,3912951,10686065,10110446,11273335,185703,109864,282464,535015,316523,813787,1070811,967435,1198645,3085041.0,2787212,3453335,179555,517303,552,524,579,1591,1509,1667,398,377,420,1147,1085,1210,20,12,30,57,34,87,115,104,129,331,299,371,19,56,0.721,0.698,0.741,0.036,0.022,0.054,0.208,0.19,0.227,0.035,0.033,0.037,0.068,0.065,0.072,0.049,0.047,0.052,0.002,0.001,0.004,0.014,0.013,0.016,0.002,0.002,0.002,0
76,Belgium,BEL,Country,2021,61926819,60985372,62905135,78557429,77363154,79798474,47980353,47086122,48995868,60865602,59731224,62153837,2815245,2695899,2948035,3571286,3419890,3739738,11131221,10808484,11471947,14120540.0,13711131,14552769,0,0,5409,5326,5494,6861,6757,6970,4191,4113,4279,5316,5217,5429,246,235,257,312,299,327,972,944,1002,1233,1198,1271,0,0,0.775,0.769,0.78,0.045,0.043,0.048,0.18,0.175,0.185,0.0,0.0,0.0,0.111,0.11,0.113,0.086,0.085,0.088,0.005,0.005,0.005,0.02,0.019,0.021,0.0,0.0,0.0,1
108,Belize,BLZ,Country,2021,141021,130750,152628,220518,204456,238668,90761,82434,100740,141925,128904,157529,7667,4513,11964,11989,7057,18708,29617,24266,35632,46313.0,37946,55718,12976,20291,329,305,356,514,477,557,212,192,235,331,301,367,18,11,28,28,16,44,69,57,83,108,88,130,30,47,0.644,0.602,0.679,0.054,0.033,0.083,0.21,0.177,0.248,0.092,0.085,0.099,0.051,0.046,0.057,0.033,0.029,0.036,0.003,0.002,0.004,0.011,0.009,0.013,0.005,0.004,0.005,0
200,Benin,BEN,Country,2021,520950,467460,583896,1617904,1451781,1813393,57391,40990,76375,178239,127303,237196,30316,15065,52462,94151,46787,162929,214387,168316,271219,665818.0,522734,842317,218856,679696,39,35,43,120,108,135,4,3,6,13,9,18,2,1,4,7,3,12,16,13,20,49,39,63,16,51,0.11,0.081,0.144,0.058,0.03,0.096,0.41,0.352,0.466,0.421,0.375,0.468,0.031,0.028,0.034,0.003,0.002,0.004,0.002,0.001,0.003,0.013,0.01,0.016,0.013,0.013,0.013,0
305,Bermuda,BMU,Country,2021,509282,395358,662582,379087,294287,493197,156395,124031,194271,116414,92323,144607,296422,193652,436464,220644,144146,324885,56465,41026,76001,42030.0,30538,56572,0,0,8021,6227,10436,5971,4635,7768,2463,1953,3060,1834,1454,2278,4669,3050,6874,3475,2270,5117,889,646,1197,662,481,891,0,0,0.311,0.228,0.404,0.577,0.467,0.684,0.112,0.074,0.155,0.0,0.0,0.0,0.071,0.052,0.1,0.022,0.016,0.031,0.042,0.025,0.066,0.008,0.005,0.012,0.0,0.0,0.0,2
162,Bhutan,BTN,Country,2021,100310,91101,108645,379769,344904,411326,55487,47426,63914,210070,179551,241974,1639,923,2660,6204,3496,10071,18089,15364,21002,68484.0,58167,79511,25096,95011,132,120,143,502,456,543,73,63,84,277,237,320,2,1,4,8,5,13,24,20,28,90,77,105,33,125,0.553,0.515,0.59,0.016,0.009,0.026,0.18,0.152,0.208,0.251,0.231,0.275,0.039,0.036,0.043,0.022,0.019,0.025,0.001,0.0,0.001,0.007,0.006,0.008,0.01,0.01,0.01,0
121,Bolivia (Plurinational State of),BOL,Country,2021,3757754,3481520,4032339,10077481,9336683,10813859,2537442,2319505,2781212,6804869,6220410,7458608,138109,76378,220400,370378,204828,591065,790373,643822,971381,2119609.0,1726592,2605033,291830,782624,318,295,342,854,791,916,215,197,236,577,527,632,12,6,19,31,17,50,67,55,82,180,146,221,25,66,0.675,0.634,0.712,0.037,0.02,0.058,0.21,0.178,0.25,0.078,0.072,0.084,0.09,0.082,0.097,0.06,0.055,0.066,0.003,0.002,0.005,0.019,0.015,0.023,0.007,0.007,0.007,0
44,Bosnia and Herzegovina,BIH,Country,2021,2308149,2188074,2422720,6050194,5735449,6350510,1537361,1450951,1613936,4029778,3803279,4230501,7606,3779,13170,19938,9906,34521,691044,601221,785061,1811386.0,1575941,2057826,72139,189092,698,662,733,1830,1735,1921,465,439,488,1219,1151,1280,2,1,4,6,3,10,209,182,238,548,477,623,22,57,0.666,0.639,0.696,0.003,0.002,0.006,0.299,0.268,0.327,0.031,0.03,0.033,0.099,0.092,0.108,0.066,0.061,0.072,0.0,0.0,0.001,0.03,0.026,0.034,0.003,0.003,0.003,0
193,Botswana,BWA,Country,2021,1253744,1168268,1339516,2969091,2766669,3172216,929427,860739,1011303,2201050,2038386,2394947,172525,133520,220883,408569,316199,523090,54950,45591,65403,130131.0,107968,154887,96843,229341,524,488,559,1240,1156,1325,388,360,422,919,851,1000,72,56,92,171,132,218,23,19,27,54,45,65,40,96,0.741,0.712,0.771,0.137,0.106,0.17,0.044,0.036,0.052,0.077,0.072,0.083,0.07,0.066,0.075,0.052,0.048,0.057,0.01,0.008,0.012,0.003,0.003,0.004,0.005,0.005,0.005,0
135,Brazil,BRA,Country,2021,180381375,171487918,190409644,360495759,342722008,380537454,84294166,77806777,91288774,168463563,155498388,182442426,53281380,48444442,58651694,106483896,96817178,117216575,42473410,38790447,46249691,84883953.0,77523479,92430925,332419,664347,819,778,864,1636,1556,1727,383,353,414,765,706,828,242,220,266,483,439,532,193,176,210,385,352,420,2,3,0.467,0.442,0.493,0.295,0.272,0.32,0.236,0.216,0.254,0.002,0.002,0.002,0.092,0.085,0.099,0.043,0.039,0.047,0.027,0.024,0.03,0.022,0.019,0.024,0.0,0.0,0.0,0
66,Brunei Darussalam,BRN,Country,2021,376230,350412,403951,701064,652956,752720,350887,324166,378822,653840,604050,705895,83,0,172,155,0,321,25260,21078,29960,47069.0,39277,55827,0,0,834,776,895,1553,1447,1668,778,718,839,1449,1338,1564,0,0,0,0,0,1,56,47,66,104,87,124,0,0,0.933,0.921,0.944,0.0,0.0,0.0,0.067,0.056,0.079,0.0,0.0,0.0,0.022,0.02,0.023,0.02,0.019,0.022,0.0,0.0,0.0,0.001,0.001,0.002,0.0,0.0,0.0,0
45,Bulgaria,BGR,Country,2021,7327880,7059615,7583693,16893714,16275255,17483467,4636463,4445530,4828327,10688914,10248738,11131237,117992,68585,183664,272020,158116,423419,2573200,2409861,2758214,5932263.0,5555699,6358793,224,518,1080,1041,1118,2490,2399,2577,683,655,712,1576,1511,1641,17,10,27,40,23,62,379,355,407,875,819,937,0,0,0.633,0.613,0.651,0.016,0.01,0.025,0.351,0.334,0.371,0.0,0.0,0.0,0.086,0.083,0.089,0.054,0.052,0.057,0.001,0.001,0.002,0.03,0.028,0.032,0.0,0.0,0.0,3
201,Burkina Faso,BFA,Country,2021,1383071,1320856,1442491,4238529,4047867,4420626,511768,467490,558655,1568352,1432660,1712041,55860,27945,96137,171186,85640,294619,411988,389377,436786,1262569.0,1193276,1338565,403456,1236422,61,58,63,186,178,194,22,21,25,69,63,75,2,1,4,8,4,13,18,17,19,55,52,59,18,54,0.37,0.347,0.394,0.04,0.021,0.068,0.298,0.281,0.315,0.292,0.28,0.305,0.072,0.069,0.075,0.027,0.024,0.029,0.003,0.001,0.005,0.021,0.02,0.023,0.021,0.021,0.021,0
175,Burundi,BDI,Country,2021,438967,412337,469949,1207961,1134680,1293220,89191,71332,113207,245437,196293,311527,13219,6528,23037,36375,17964,63394,88781,72297,109016,244309.0,198949,299992,247777,681840,33,31,36,91,86,98,7,5,9,19,15,24,1,0,2,3,1,5,7,5,8,19,15,23,19,52,0.203,0.168,0.243,0.03,0.015,0.052,0.202,0.17,0.238,0.565,0.527,0.601,0.102,0.086,0.115,0.021,0.015,0.027,0.003,0.002,0.006,0.021,0.016,0.026,0.058,0.05,0.064,0
203,Cabo Verde,CPV,Country,2021,143863,138947,149256,329211,317961,341553,95163,90803,99219,217767,207790,227049,2635,1347,4457,6031,3082,10200,25782,23934,27981,58999.0,54770,64030,20283,46414,257,248,267,589,569,611,170,162,177,389,372,406,5,2,8,11,6,18,46,43,50,106,98,115,36,83,0.661,0.645,0.676,0.018,0.009,0.031,0.179,0.168,0.194,0.141,0.136,0.146,0.076,0.071,0.081,0.05,0.047,0.054,0.001,0.001,0.002,0.014,0.012,0.015,0.011,0.01,0.011,0
10,Cambodia,KHM,Country,2021,2006180,1782231,2248180,6248888,5551327,7002674,538510,431487,677674,1677361,1344002,2110831,81812,41839,139302,254828,130322,433899,1084381,916703,1284244,3377649.0,2855364,4000188,301478,939050,119,105,133,369,328,414,32,25,40,99,79,125,5,2,8,15,8,26,64,54,76,200,169,236,18,55,0.268,0.221,0.319,0.041,0.02,0.067,0.54,0.487,0.592,0.151,0.134,0.169,0.071,0.062,0.079,0.019,0.015,0.024,0.003,0.001,0.005,0.038,0.032,0.045,0.011,0.01,0.011,0
202,Cameroon,CMR,Country,2021,1822887,1675114,1984666,5086851,4674483,5538303,208896,163928,268183,582935,457449,748378,76764,46290,122965,214213,129174,343141,1106375,965846,1255683,3087391.0,2695237,3504041,430852,1202313,57,53,63,160,147,174,7,5,8,18,14,24,2,1,4,7,4,11,35,30,40,97,85,110,14,38,0.115,0.092,0.142,0.042,0.026,0.066,0.607,0.568,0.64,0.237,0.217,0.257,0.037,0.034,0.04,0.004,0.003,0.005,0.002,0.001,0.002,0.022,0.019,0.025,0.009,0.009,0.009,0
101,Canada,CAN,Country,2021,253890820,251916198,255998646,269098743,267005842,271332828,185315863,183834650,186823073,196416184,194846246,198013674,33075980,31791852,34518879,35057214,33696167,36586542,35498976,34727137,36309900,37625346.0,36807274,38484843,0,0,6767,6714,6823,7172,7117,7232,4939,4900,4979,5235,5193,5278,882,847,920,934,898,975,946,926,968,1003,981,1026,0,0,0.73,0.725,0.735,0.13,0.126,0.135,0.14,0.137,0.143,0.0,0.0,0.0,0.125,0.124,0.126,0.091,0.091,0.092,0.016,0.016,0.017,0.017,0.017,0.018,0.0,0.0,0.0,1
169,Central African Republic,CAF,Country,2021,330692,319404,342813,728295,703435,754990,31019,26205,36857,68314,57712,81172,1905,1014,3061,4195,2233,6741,111814,101545,122281,246253.0,223637,269303,185954,409534,61,58,63,133,129,138,6,5,7,12,11,15,0,0,1,1,0,1,20,19,22,45,41,49,34,75,0.094,0.08,0.11,0.006,0.003,0.009,0.338,0.315,0.36,0.562,0.542,0.582,0.13,0.117,0.141,0.012,0.01,0.015,0.001,0.0,0.001,0.044,0.038,0.05,0.073,0.066,0.078,0
204,Chad,TCD,Country,2021,718005,645564,788861,1782294,1602473,1958177,109280,82686,139949,271264,205250,347393,13128,6489,22809,32588,16108,56618,366944,308145,428990,910860.0,764903,1064875,228653,567581,41,36,45,101,90,111,6,5,8,15,12,20,1,0,1,2,1,3,21,17,24,51,43,60,13,32,0.152,0.118,0.187,0.018,0.009,0.032,0.51,0.465,0.557,0.319,0.29,0.354,0.054,0.038,0.067,0.008,0.005,0.011,0.001,0.0,0.002,0.027,0.019,0.036,0.017,0.013,0.021,0
98,Chile,CHL,Country,2021,27516813,27100347,27912956,53016129,52213731,53779371,15305581,15080303,15555317,29488976,29054937,29970138,4094072,3883981,4321748,7887972,7483194,8326632,8117160,7853169,8416470,15639180.0,15130553,16215856,0,0,1461,1439,1482,2815,2773,2856,813,801,826,1566,1543,1591,217,206,229,419,397,442,431,417,447,830,803,861,0,0,0.556,0.548,0.564,0.149,0.142,0.156,0.295,0.288,0.303,0.0,0.0,0.0,0.097,0.096,0.099,0.054,0.053,0.055,0.014,0.014,0.015,0.029,0.028,0.03,0.0,0.0,0.0,3
6,China,CHN,Country,2021,939799868,899705387,982422209,1587640485,1519907319,1659644065,504889100,482459906,529655311,852928803,815038292,894767326,111537872,87061008,142943939,188425267,147075548,241480758,322837548,307781578,337348427,545382031.0,519947396,569895825,535348,904384,661,633,691,1116,1069,1167,355,339,372,600,573,629,78,61,101,132,103,170,227,216,237,383,366,401,0,1,0.537,0.515,0.559,0.119,0.094,0.148,0.344,0.327,0.359,0.001,0.001,0.001,0.054,0.051,0.056,0.029,0.027,0.03,0.006,0.005,0.008,0.018,0.018,0.019,0.0,0.0,0.0,0
125,Colombia,COL,Country,2021,29234359,28764627,29696766,82197383,80876653,83497521,20922239,20522855,21324860,58826442,57703507,59958479,3973967,3833074,4124742,11173485,10777340,11597417,3950655,3785224,4104107,11107941.0,10642804,11539398,387498,1089516,597,587,606,1677,1650,1704,427,419,435,1200,1177,1223,81,78,84,228,220,237,81,77,84,227,217,235,8,22,0.716,0.709,0.722,0.136,0.131,0.141,0.135,0.13,0.14,0.013,0.013,0.013,0.096,0.094,0.097,0.068,0.067,0.07,0.013,0.013,0.014,0.013,0.012,0.013,0.001,0.001,0.001,0
176,Comoros,COM,Country,2021,131025,126032,136897,340375,327404,355630,11422,10426,12455,29673,27084,32356,3179,1684,5179,8257,4375,13453,41664,36814,47144,108236.0,95636,122470,74759,194209,176,169,183,456,439,477,15,14,17,40,36,43,4,2,7,11,6,18,56,49,63,145,128,164,100,260,0.087,0.079,0.095,0.024,0.013,0.039,0.318,0.291,0.347,0.571,0.546,0.593,0.118,0.095,0.144,0.01,0.008,0.013,0.003,0.001,0.005,0.038,0.029,0.047,0.067,0.055,0.082,0
170,Congo,COG,Country,2021,536547,468394,617502,997458,870760,1147957,230372,178640,286903,428270,332098,533362,100861,57152,160381,187504,106248,298154,115642,103033,131065,214982.0,191542,243655,89671,166702,99,87,114,185,161,213,43,33,53,79,62,99,19,11,30,35,20,55,21,19,24,40,35,45,17,31,0.429,0.356,0.499,0.187,0.117,0.279,0.216,0.181,0.251,0.168,0.145,0.191,0.04,0.031,0.048,0.017,0.013,0.022,0.007,0.004,0.012,0.009,0.007,0.01,0.007,0.006,0.008,0
320,Cook Islands,COK,Country,2021,12235,11494,12939,14820,13922,15672,11193,10503,11854,13557,12722,14358,1,0,3,1,0,3,1041,773,1390,1261.0,936,1683,0,0,689,647,729,835,784,883,630,592,668,764,717,809,0,0,0,0,0,0,59,44,78,71,53,95,0,0,0.915,0.889,0.935,0.0,0.0,0.0,0.085,0.064,0.111,0.0,0.0,0.0,0.046,0.043,0.05,0.042,0.039,0.045,0.0,0.0,0.0,0.004,0.003,0.005,0.0,0.0,0.0,0
126,Costa Rica,CRI,Country,2021,4966176,4767103,5195710,9495720,9115077,9934607,3445343,3294054,3608602,6587769,6298491,6899933,458063,371009,561945,875853,709398,1074483,1036249,947811,1132442,1981389.0,1812289,2165318,26521,50710,1046,1004,1094,1999,1919,2092,725,694,760,1387,1326,1453,96,78,118,184,149,226,218,200,238,417,382,456,6,11,0.694,0.671,0.714,0.092,0.076,0.112,0.209,0.191,0.226,0.005,0.005,0.006,0.082,0.079,0.086,0.057,0.055,0.06,0.008,0.006,0.009,0.017,0.016,0.019,0.0,0.0,0.0,0
46,Croatia,HRV,Country,2021,5483342,5251231,5709825,12016138,11507493,12512450,4608479,4404888,4826003,10098974,9652826,10575653,357346,319387,400367,783084,699900,877361,517517,474171,572771,1134081.0,1039093,1255165,0,0,1308,1253,1362,2867,2745,2985,1099,1051,1151,2409,2303,2523,85,76,96,187,167,209,123,113,137,271,248,299,0,0,0.84,0.829,0.851,0.065,0.058,0.073,0.094,0.086,0.104,0.0,0.0,0.0,0.077,0.073,0.08,0.065,0.061,0.068,0.005,0.004,0.006,0.007,0.007,0.008,0.0,0.0,0.0,0
109,Cuba,CUB,Country,2021,86703122,83061728,90557377,36642805,35103865,38271705,79335858,75696490,83206966,33529224,31991140,35165246,1400,0,3803,592,0,1607,7299169,7039958,7556551,3084803.0,2975254,3193579,66695,28187,7694,7371,8037,3252,3115,3396,7041,6718,7384,2976,2839,3121,0,0,0,0,0,0,648,625,671,274,264,283,6,3,0.915,0.91,0.919,0.0,0.0,0.0,0.084,0.08,0.089,0.001,0.001,0.001,0.228,0.209,0.251,0.209,0.19,0.229,0.0,0.0,0.0,0.019,0.018,0.021,0.0,0.0,0.0,1
77,Cyprus,CYP,Country,2021,2542444,2442622,2639011,4181053,4016896,4339858,2179231,2083877,2269869,3583749,3426939,3732803,108715,93590,126018,178781,153909,207237,254498,228195,284076,418523.0,375266,467164,0,0,1868,1795,1939,3072,2951,3188,1601,1531,1668,2633,2518,2742,80,69,93,131,113,152,187,168,209,307,276,343,0,0,0.857,0.845,0.87,0.043,0.037,0.049,0.1,0.089,0.111,0.0,0.0,0.0,0.068,0.054,0.092,0.058,0.047,0.079,0.003,0.002,0.004,0.007,0.005,0.01,0.0,0.0,0.0,3
47,Czechia,CZE,Country,2021,26911093,26434518,27412171,48095586,47243850,48991114,23185820,22712346,23627836,41437768,40591572,42227739,296306,247067,361493,529558,441558,646061,3428967,3303553,3565264,6128260.0,5904120,6371850,0,0,2529,2484,2576,4520,4440,4604,2179,2135,2221,3894,3815,3969,28,23,34,50,41,61,322,310,335,576,555,599,0,0,0.862,0.856,0.867,0.011,0.009,0.013,0.127,0.123,0.132,0.0,0.0,0.0,0.094,0.092,0.095,0.081,0.079,0.082,0.001,0.001,0.001,0.012,0.011,0.012,0.0,0.0,0.0,3
205,CÃ´te d'Ivoire,CIV,Country,2021,2435408,2355707,2520195,6386903,6177885,6609257,679638,649993,713182,1782364,1704618,1870333,398579,365588,430189,1045281,958760,1128178,660296,593966,720375,1731638.0,1557688,1889197,696895,1827620,87,84,90,229,221,237,24,23,26,64,61,67,14,13,15,37,34,40,24,21,26,62,56,68,25,65,0.279,0.267,0.292,0.164,0.152,0.176,0.271,0.252,0.289,0.286,0.277,0.296,0.037,0.035,0.038,0.01,0.01,0.011,0.006,0.005,0.006,0.01,0.009,0.011,0.01,0.01,0.011,0
7,Democratic People's Republic of Korea,PRK,Country,2021,944746,745825,1164523,563600,444932,694711,604061,426916,815666,360361,254682,486596,7542,3722,13155,4499,2220,7848,333138,231830,452737,198738.0,138301,270086,4,3,36,28,44,21,17,26,23,16,31,14,10,18,0,0,0,0,0,0,13,9,17,8,5,10,0,0,0.638,0.541,0.735,0.008,0.004,0.015,0.354,0.257,0.451,0.0,0.0,0.0,0.06,0.047,0.077,0.039,0.028,0.051,0.0,0.0,0.001,0.021,0.015,0.029,0.0,0.0,0.0,0
171,Democratic Republic of the Congo,COD,Country,2021,2752831,2614029,2910258,5705744,5418052,6032040,379594,324938,445753,786778,673494,923905,166191,82374,288365,344462,170736,597690,880597,796082,968818,1825197.0,1650026,2008051,1326449,2749307,31,29,32,63,60,67,4,4,5,9,7,10,2,1,3,4,2,7,10,9,11,20,18,22,15,31,0.138,0.119,0.161,0.06,0.031,0.1,0.32,0.293,0.345,0.482,0.456,0.507,0.048,0.046,0.051,0.007,0.006,0.008,0.003,0.001,0.005,0.015,0.014,0.017,0.023,0.023,0.023,0
78,Denmark,DNK,Country,2021,41224501,40728643,41720281,43056928,42539029,43574745,35228242,34728819,35732306,36794136,36272513,37320605,904627,876963,931839,944838,915944,973259,5091632,4993096,5203544,5317955.0,5215039,5434842,0,0,7026,6941,7110,7338,7250,7426,6004,5919,6090,6271,6182,6361,154,149,159,161,156,166,868,851,887,906,889,926,0,0,0.855,0.852,0.858,0.022,0.021,0.023,0.124,0.121,0.126,0.0,0.0,0.0,0.105,0.104,0.106,0.09,0.089,0.091,0.002,0.002,0.002,0.013,0.013,0.013,0.0,0.0,0.0,1
177,Djibouti,DJI,Country,2021,108005,98043,120178,194866,176891,216827,34745,26910,44272,62689,48551,79877,1286,693,2126,2320,1249,3835,20665,14960,27516,37283.0,26992,49645,51310,92574,86,78,96,155,141,173,28,21,35,50,39,64,1,1,2,2,1,3,16,12,22,30,22,40,41,74,0.321,0.266,0.375,0.012,0.006,0.02,0.191,0.146,0.244,0.476,0.427,0.523,0.026,0.022,0.03,0.008,0.006,0.011,0.0,0.0,0.001,0.005,0.003,0.007,0.012,0.011,0.014,0
110,Dominica,DMA,Country,2021,41108,39270,43001,64571,61685,67545,23677,22145,25319,37192,34784,39771,414,238,633,650,374,994,8798,7785,9846,13819.0,12229,15466,8218,12909,614,587,642,965,922,1009,354,331,378,556,520,594,6,4,9,10,6,15,131,116,147,206,183,231,123,193,0.576,0.555,0.599,0.01,0.006,0.015,0.214,0.192,0.234,0.2,0.191,0.209,0.075,0.072,0.079,0.043,0.04,0.047,0.001,0.0,0.001,0.016,0.014,0.018,0.015,0.015,0.015,0
111,Dominican Republic,DOM,Country,2021,5614534,5274210,5991453,12641425,11875168,13490079,3575468,3315179,3852914,8050359,7464303,8675043,431119,302996,610198,970687,682212,1373894,1255970,1102486,1420711,2827883.0,2482305,3198806,351977,792496,512,481,547,1154,1084,1231,326,303,352,735,681,792,39,28,56,89,62,125,115,101,130,258,227,292,32,72,0.637,0.605,0.665,0.077,0.055,0.105,0.224,0.2,0.247,0.063,0.059,0.067,0.052,0.048,0.056,0.033,0.03,0.036,0.004,0.003,0.006,0.012,0.01,0.013,0.003,0.003,0.003,0
122,Ecuador,ECU,Country,2021,9644403,9242227,10047856,19366271,18558688,20176418,5901267,5653371,6163707,11849933,11352151,12376921,480691,318034,689925,965243,638622,1385392,2815615,2555288,3096325,5653846.0,5131101,6217519,446830,897249,534,512,556,1073,1028,1117,327,313,341,656,629,685,27,18,38,53,35,77,156,142,171,313,284,344,25,50,0.612,0.589,0.634,0.05,0.033,0.07,0.292,0.27,0.314,0.046,0.044,0.048,0.085,0.081,0.089,0.052,0.05,0.054,0.004,0.003,0.006,0.025,0.023,0.027,0.004,0.004,0.004,0
141,Egypt,EGY,Country,2021,20711202,19666191,21781869,73031330,69346440,76806693,7713000,7137535,8345790,27197391,25168201,29428721,1242715,756225,1940794,4382032,2666582,6843581,11316044,10718569,11886160,39902356.0,37795555,41912686,439443,1549552,196,186,206,691,656,727,73,68,79,257,238,278,12,7,18,41,25,65,107,101,112,378,358,397,4,15,0.372,0.348,0.398,0.06,0.037,0.09,0.547,0.519,0.57,0.021,0.02,0.022,0.048,0.043,0.054,0.018,0.016,0.02,0.003,0.002,0.004,0.026,0.023,0.029,0.001,0.001,0.001,0
127,El Salvador,SLV,Country,2021,3136185,2955938,3328385,6788279,6398134,7204296,1976479,1842616,2131671,4278092,3988346,4614007,212291,145247,300215,459504,314388,649816,809737,709781,914784,1752677.0,1536322,1980052,137678,298005,487,459,517,1054,994,1119,307,286,331,665,619,717,33,23,47,71,49,101,126,110,142,272,239,308,21,46,0.63,0.6,0.662,0.068,0.047,0.095,0.258,0.232,0.284,0.044,0.041,0.047,0.097,0.092,0.103,0.061,0.057,0.066,0.007,0.004,0.009,0.025,0.022,0.028,0.004,0.004,0.004,0
172,Equatorial Guinea,GNQ,Country,2021,410207,374428,448365,1016704,928025,1111280,75504,60489,92263,187138,149923,228674,9450,5583,14997,23422,13839,37171,301632,270558,333953,747600.0,670582,827706,23621,58544,272,248,297,673,614,736,50,40,61,124,99,151,6,4,10,16,9,25,200,179,221,495,444,548,16,39,0.184,0.153,0.219,0.023,0.014,0.037,0.735,0.699,0.771,0.058,0.053,0.063,0.037,0.032,0.042,0.007,0.005,0.009,0.001,0.0,0.001,0.028,0.023,0.032,0.002,0.002,0.002,0
178,Eritrea,ERI,Country,2021,117541,103005,135146,365189,320025,419884,20237,14410,27050,62875,44771,84041,19,0,41,58,0,128,46983,33402,62995,145972.0,103776,195718,50302,156283,18,16,21,56,49,64,3,2,4,10,7,13,0,0,0,0,0,0,7,5,10,22,16,30,8,24,0.172,0.129,0.225,0.0,0.0,0.0,0.398,0.317,0.474,0.43,0.372,0.488,0.028,0.025,0.033,0.005,0.004,0.006,0.0,0.0,0.0,0.011,0.008,0.015,0.012,0.012,0.013,0
58,Estonia,EST,Country,2021,2881637,2834473,2932449,4572462,4497623,4653088,2196182,2150991,2244287,3484810,3413103,3561140,45374,39758,51159,71997,63086,81178,640081,623668,657346,1015654.0,989610,1043048,0,0,2200,2164,2239,3491,3434,3553,1677,1642,1714,2661,2606,2719,35,30,39,55,48,62,489,476,502,775,756,796,0,0,0.762,0.756,0.768,0.016,0.014,0.018,0.222,0.217,0.228,0.0,0.0,0.0,0.076,0.075,0.078,0.058,0.057,0.06,0.001,0.001,0.001,0.017,0.017,0.017,0.0,0.0,0.0,3
197,Eswatini,SWZ,Country,2021,371587,353706,390856,992039,944303,1043483,172758,162367,183876,461219,433477,490900,42289,29307,57923,112899,78242,154640,34764,28710,41966,92811.0,76649,112037,121776,325109,321,306,338,857,816,901,149,140,159,398,374,424,37,25,50,98,68,134,30,25,36,80,66,97,105,281,0.465,0.438,0.49,0.114,0.082,0.151,0.094,0.077,0.111,0.328,0.312,0.344,0.08,0.075,0.085,0.037,0.035,0.04,0.009,0.006,0.012,0.007,0.006,0.009,0.026,0.025,0.027,0
179,Ethiopia,ETH,Country,2021,3971048,3645427,4335880,11794071,10826971,12877627,1140046,855976,1458670,3385954,2542262,4332270,174990,87842,301103,519722,260891,894282,1331412,1170265,1492400,3954313.0,3475704,4432451,1324601,3934083,37,34,40,109,100,119,10,8,13,31,23,40,2,1,3,5,2,8,12,11,14,36,32,41,12,36,0.286,0.232,0.343,0.044,0.023,0.075,0.336,0.295,0.376,0.334,0.305,0.363,0.037,0.03,0.043,0.011,0.007,0.014,0.002,0.001,0.003,0.012,0.01,0.015,0.012,0.011,0.014,0
22,Fiji,FJI,Country,2021,263137,244561,281675,718698,667962,769331,139810,123635,157615,381860,337680,430488,25827,18703,35137,70541,51083,95968,39664,33581,46312,108333.0,91718,126490,57835,157964,284,264,304,776,721,831,151,133,170,412,365,465,28,20,38,76,55,104,43,36,50,117,99,137,62,171,0.531,0.493,0.563,0.098,0.075,0.132,0.151,0.129,0.174,0.22,0.205,0.236,0.066,0.058,0.074,0.035,0.03,0.041,0.007,0.005,0.009,0.01,0.008,0.012,0.015,0.013,0.016,0
79,Finland,FIN,Country,2021,28522910,28037584,29045253,32686894,32130715,33285491,23424166,22950383,23946234,26843797,26300848,27442081,527630,489698,564366,604657,561187,646756,4571115,4440564,4714877,5238440.0,5088830,5403189,0,0,5158,5070,5252,5911,5810,6019,4236,4150,4330,4854,4756,4962,95,89,102,109,101,117,827,803,853,947,920,977,0,0,0.821,0.816,0.826,0.018,0.017,0.02,0.16,0.155,0.165,0.0,0.0,0.0,0.103,0.101,0.104,0.084,0.082,0.086,0.002,0.002,0.002,0.016,0.016,0.017,0.0,0.0,0.0,1
80,France,FRA,Country,2021,334115148,329894311,338517805,444025319,438416000,449876269,252444355,249480796,255639803,335488187,331549738,339734807,51901164,48940050,55193145,68974516,65039318,73349424,29769630,28459786,31012293,39562616.0,37821887,41214065,0,0,5027,4963,5093,6681,6596,6769,3798,3754,3846,5048,4988,5111,781,736,830,1038,979,1104,448,428,467,595,569,620,0,0,0.756,0.748,0.764,0.155,0.147,0.163,0.089,0.085,0.093,0.0,0.0,0.0,0.124,0.119,0.127,0.093,0.091,0.096,0.019,0.018,0.02,0.011,0.01,0.012,0.0,0.0,0.0,1
173,Gabon,GAB,Country,2021,571699,529304,621840,1065272,986275,1158702,320492,292915,350514,597187,545802,653129,88250,66648,121283,164440,124189,225991,121386,102621,143348,226184.0,191218,267106,41571,77461,315,292,343,587,544,639,177,162,193,329,301,360,49,37,67,91,68,125,67,57,79,125,105,147,23,43,0.561,0.521,0.597,0.154,0.121,0.198,0.212,0.181,0.245,0.073,0.067,0.079,0.035,0.031,0.039,0.02,0.017,0.022,0.005,0.004,0.007,0.007,0.006,0.009,0.003,0.002,0.003,0
206,Gambia,GMB,Country,2021,149473,141774,159140,474137,449714,504799,32983,27055,39875,104624,85821,126485,7317,3647,12637,23210,11569,40084,14257,11386,17542,45223.0,36116,55645,94917,301081,62,59,67,198,188,211,14,11,17,44,36,53,3,2,5,10,5,17,6,5,7,19,15,23,40,126,0.22,0.186,0.254,0.049,0.025,0.082,0.095,0.077,0.116,0.636,0.596,0.669,0.079,0.073,0.085,0.017,0.014,0.021,0.004,0.002,0.007,0.008,0.006,0.009,0.05,0.047,0.052,0
35,Georgia,GEO,Country,2021,2083760,2005406,2162440,6323091,6085329,6561842,1039244,1003995,1077884,3153545,3046584,3270798,305998,251276,369335,928541,762489,1120734,654508,619434,690404,1986080.0,1879650,2095005,84010,254925,579,557,601,1756,1690,1823,289,279,299,876,846,909,85,70,103,258,212,311,182,172,192,552,522,582,23,71,0.499,0.479,0.517,0.147,0.124,0.173,0.314,0.299,0.331,0.04,0.039,0.042,0.097,0.093,0.101,0.048,0.046,0.05,0.014,0.012,0.017,0.03,0.029,0.032,0.004,0.004,0.004,0
81,Germany,DEU,Country,2021,516722412,511237020,522749175,679094564,671885472,687015147,408320938,403053161,413542422,536629578,529706481,543491833,45415343,44387209,46416988,59686423,58335213,61002820,62986131,61448429,64590067,82778563.0,80757663,84886512,0,0,6045,5981,6115,7944,7860,8037,4777,4715,4838,6278,6197,6358,531,519,543,698,682,714,737,719,756,968,945,993,0,0,0.79,0.786,0.794,0.088,0.086,0.09,0.122,0.119,0.125,0.0,0.0,0.0,0.125,0.124,0.127,0.099,0.098,0.101,0.011,0.011,0.011,0.015,0.015,0.016,0.0,0.0,0.0,1
207,Ghana,GHA,Country,2021,3271486,2837599,3741239,9809577,8508563,11218137,1535714,1200112,1899842,4604850,3598546,5696692,303706,161612,501529,910666,484594,1503838,807495,625589,1039930,2421280.0,1875835,3118240,624571,1872780,95,83,109,286,248,327,45,35,55,134,105,166,9,5,15,27,14,44,24,18,30,71,55,91,18,55,0.469,0.398,0.533,0.093,0.051,0.146,0.247,0.194,0.305,0.192,0.167,0.22,0.05,0.037,0.07,0.023,0.016,0.034,0.005,0.002,0.009,0.012,0.008,0.018,0.009,0.008,0.013,0
82,Greece,GRC,Country,2021,19076172,18166989,20029846,34152737,32524995,35860132,11266726,10458624,12100750,20171212,18724440,21664396,1474640,1275221,1677372,2640100,2283073,3003058,6334807,5933690,6748057,11341425.0,10623293,12081282,0,0,1874,1785,1968,3355,3195,3523,1107,1027,1189,1982,1839,2128,145,125,165,259,224,295,622,583,663,1114,1044,1187,0,0,0.591,0.567,0.612,0.077,0.068,0.089,0.332,0.312,0.355,0.0,0.0,0.0,0.096,0.091,0.101,0.057,0.053,0.061,0.007,0.006,0.008,0.032,0.03,0.034,0.0,0.0,0.0,3
349,Greenland,GRL,Country,2021,395049,324220,476082,398619,327150,480384,395023,324220,476051,398593,327150,480353,13,0,29,13,0,29,13,0,29,13.0,0,29,0,0,7058,5793,8506,7122,5845,8583,7058,5793,8505,7121,5845,8582,0,0,1,0,0,1,0,0,1,0,0,1,0,0,1.0,1.0,1.0,0.0,0.0,0.0,0.0,0.0,0.0,0.0,0.0,0.0,0.137,0.111,0.171,0.137,0.111,0.171,0.0,0.0,0.0,0.0,0.0,0.0,0.0,0.0,0.0,1
112,Grenada,GRD,Country,2021,67371,63554,71300,118692,111966,125614,25660,23410,27992,45207,41243,49316,2681,1680,3942,4724,2960,6944,34351,31403,37303,60519.0,55325,65719,4678,8242,656,619,694,1156,1090,1223,250,228,273,440,402,480,26,16,38,46,29,68,335,306,363,589,539,640,46,80,0.381,0.355,0.405,0.04,0.025,0.058,0.51,0.485,0.536,0.07,0.066,0.074,0.069,0.062,0.076,0.026,0.023,0.03,0.003,0.002,0.004,0.035,0.03,0.04,0.005,0.004,0.005,0
351,Guam,GUM,Country,2021,160817,127400,197413,160817,127400,197413,108527,77204,144966,108527,77204,144966,10701,5219,18813,10701,5219,18813,41589,28942,56520,41589.0,28942,56520,0,0,1010,800,1240,1010,800,1240,681,485,910,681,485,910,67,33,118,67,33,118,261,182,355,261,182,355,0,0,0.673,0.573,0.761,0.067,0.032,0.114,0.26,0.183,0.353,0.0,0.0,0.0,0.026,0.02,0.034,0.018,0.013,0.025,0.002,0.001,0.003,0.007,0.005,0.01,0.0,0.0,0.0,0
128,Guatemala,GTM,Country,2021,6371829,6064347,6686458,12594423,11986661,13216311,2148826,1894527,2405106,4247324,3744683,4753882,208675,120950,325984,412463,239067,644332,3888491,3753571,4031829,7685910.0,7419229,7969228,125837,248726,403,384,423,797,759,837,136,120,152,269,237,301,13,8,21,26,15,41,246,238,255,487,470,505,8,16,0.337,0.307,0.364,0.033,0.02,0.05,0.61,0.582,0.637,0.02,0.019,0.021,0.079,0.074,0.084,0.027,0.023,0.03,0.003,0.002,0.004,0.048,0.045,0.051,0.002,0.001,0.002,0
208,Guinea,GIN,Country,2021,799935,762577,844678,1748856,1667183,1846676,138095,120386,158155,301909,263194,345766,47988,24957,80236,104914,54561,175417,392953,365928,419986,859094.0,800009,918193,220899,482940,60,57,63,130,124,138,10,9,12,23,20,26,4,2,6,8,4,13,29,27,31,64,60,68,16,36,0.173,0.153,0.193,0.06,0.032,0.097,0.491,0.464,0.517,0.276,0.262,0.29,0.042,0.04,0.046,0.007,0.006,0.008,0.003,0.001,0.004,0.021,0.019,0.023,0.012,0.011,0.012,0
209,Guinea-Bissau,GNB,Country,2021,170892,162830,178845,549159,523251,574717,18753,16575,21175,60262,53262,68045,4228,2097,7329,13585,6737,23552,81078,74208,88637,260543.0,238467,284833,66834,214769,83,79,86,265,253,278,9,8,10,29,26,33,2,1,4,7,3,11,39,36,43,126,115,138,32,104,0.11,0.097,0.124,0.025,0.012,0.042,0.474,0.451,0.497,0.391,0.374,0.41,0.105,0.087,0.123,0.012,0.009,0.014,0.003,0.001,0.004,0.05,0.041,0.06,0.041,0.035,0.047,0
113,Guyana,GUY,Country,2021,451596,429337,474739,1050667,998881,1104510,299654,283476,316085,697164,659524,735392,11503,6446,18363,26762,14998,42724,127633,113478,143339,296946.0,264013,333487,12806,29795,592,563,622,1378,1310,1448,393,372,414,914,865,964,15,8,24,35,20,56,167,149,188,389,346,437,17,39,0.664,0.635,0.688,0.025,0.014,0.041,0.283,0.256,0.31,0.028,0.027,0.03,0.049,0.045,0.055,0.033,0.03,0.036,0.001,0.001,0.002,0.014,0.012,0.016,0.001,0.001,0.002,0
114,Haiti,HTI,Country,2021,726701,636822,827227,1349786,1182842,1536503,94633,68749,124333,175773,127695,230938,68787,35557,115437,127767,66044,214414,324073,244421,418929,601938.0,453990,778125,239208,444308,56,49,64,105,92,119,7,5,10,14,10,18,5,3,9,10,5,17,25,19,32,47,35,60,19,34,0.13,0.094,0.169,0.094,0.05,0.154,0.444,0.37,0.52,0.331,0.289,0.376,0.031,0.027,0.036,0.004,0.003,0.005,0.003,0.002,0.005,0.014,0.011,0.018,0.01,0.01,0.011,0
129,Honduras,HND,Country,2021,2766127,2593291,2983366,6171277,5785676,6655940,1044229,886984,1228404,2329693,1978877,2740591,168443,98207,263265,375799,219102,587348,1438884,1378884,1501855,3210175.0,3076314,3350663,114571,255610,274,257,295,611,573,659,103,88,122,231,196,271,17,10,26,37,22,58,142,137,149,318,305,332,11,25,0.377,0.338,0.416,0.061,0.036,0.091,0.521,0.484,0.555,0.041,0.038,0.044,0.092,0.086,0.1,0.035,0.03,0.041,0.006,0.003,0.009,0.048,0.046,0.05,0.004,0.004,0.004,0
48,Hungary,HUN,Country,2021,12671647,12346916,13008144,28728106,27991903,29490985,9145303,8842324,9457255,20733471,20046582,21440703,394799,364584,430791,895055,826555,976654,3131546,3027427,3241446,7099581.0,6863530,7348737,0,0,1321,1287,1356,2995,2918,3074,953,922,986,2161,2090,2235,41,38,45,93,86,102,326,316,338,740,715,766,0,0,0.722,0.713,0.731,0.031,0.029,0.034,0.247,0.238,0.255,0.0,0.0,0.0,0.075,0.073,0.077,0.054,0.052,0.056,0.002,0.002,0.003,0.018,0.018,0.019,0.0,0.0,0.0,3
83,Iceland,ISL,Country,2021,2551071,2453896,2654596,2297441,2209927,2390672,2135482,2038773,2238202,1923170,1836076,2015677,43372,34206,56139,39060,30805,50558,372217,363810,380814,335210.0,327640,342953,0,0,7286,7009,7582,6562,6312,6828,6099,5823,6393,5493,5244,5757,124,98,160,112,88,144,1063,1039,1088,957,936,980,0,0,0.837,0.83,0.844,0.017,0.013,0.022,0.146,0.14,0.152,0.0,0.0,0.0,0.103,0.099,0.107,0.086,0.082,0.09,0.002,0.001,0.002,0.015,0.015,0.015,0.0,0.0,0.0,1
163,India,IND,Country,2021,106115489,90484201,123943803,372555898,317676742,435148489,35993631,29728872,43295045,126368353,104373705,152002546,15089933,8117851,24720529,52978538,28500583,86790147,53167421,42164536,66661455,186663006.0,148033494,234038577,1864504,6546001,75,64,88,264,225,308,25,21,31,89,74,108,11,6,17,37,20,61,38,30,47,132,105,166,1,5,0.34,0.281,0.401,0.141,0.083,0.221,0.501,0.43,0.569,0.018,0.015,0.021,0.033,0.028,0.039,0.011,0.009,0.014,0.005,0.003,0.008,0.017,0.013,0.021,0.001,0.001,0.001,0
11,Indonesia,IDN,Country,2021,46820747,42724400,51072792,143317288,130778461,156332705,27514432,24521067,30865946,84221078,75058453,94479990,5301541,3155044,8096043,16227903,9657520,24781811,12613664,11417957,14082405,38610153.0,34950118,43105936,1391109,4258155,168,153,183,513,468,560,99,88,111,302,269,338,19,11,29,58,35,89,45,41,50,138,125,154,5,15,0.588,0.546,0.631,0.113,0.071,0.166,0.27,0.239,0.3,0.03,0.027,0.033,0.037,0.033,0.04,0.021,0.019,0.024,0.004,0.002,0.006,0.01,0.009,0.011,0.001,0.001,0.001,0
142,Iran (Islamic Republic of),IRN,Country,2021,19696968,18034031,21282256,91898728,84140081,99295088,10932037,9489156,12419877,51004818,44272871,57946526,1989786,1478371,2602832,9283603,6897527,12143846,6670216,5999594,7392884,31120747.0,27991873,34492446,104929,489561,231,212,250,1078,987,1165,128,111,146,598,519,680,23,17,31,109,81,142,78,70,87,365,328,405,1,6,0.555,0.51,0.597,0.101,0.076,0.13,0.339,0.302,0.377,0.005,0.005,0.006,0.059,0.054,0.065,0.033,0.028,0.038,0.006,0.005,0.008,0.02,0.018,0.023,0.0,0.0,0.0,0
143,Iraq,IRQ,Country,2021,13000584,12336174,13668707,25128265,23844055,26419651,6445405,5803721,7109652,12458043,11217761,13741937,963,0,2347,1861,0,4535,6371252,6131936,6656911,12314716.0,11852153,12866854,182965,353645,317,301,333,612,581,644,157,141,173,304,273,335,0,0,0,0,0,0,155,149,162,300,289,314,4,9,0.495,0.467,0.522,0.0,0.0,0.0,0.49,0.464,0.518,0.014,0.013,0.015,0.055,0.051,0.059,0.027,0.025,0.031,0.0,0.0,0.0,0.027,0.025,0.029,0.001,0.001,0.001,0
84,Ireland,IRL,Country,2021,32080791,30850829,33378022,41080612,39505602,42741763,24862302,23698702,26140943,31837076,30347045,33474422,3805693,3488898,4184645,4873328,4467660,5358589,3412795,3203960,3640497,4370208.0,4102786,4661788,0,0,6489,6240,6751,8309,7990,8645,5029,4793,5287,6439,6138,6771,770,706,846,986,904,1084,690,648,736,884,830,943,0,0,0.775,0.761,0.788,0.119,0.108,0.13,0.106,0.1,0.114,0.0,0.0,0.0,0.067,0.064,0.07,0.052,0.049,0.054,0.008,0.007,0.009,0.007,0.007,0.008,0.0,0.0,0.0,1
85,Israel,ISR,Country,2021,38441174,37838305,39133589,36783736,36206861,37446297,26495139,26007109,27015589,25352769,24885781,25850779,4278767,4088735,4468608,4094283,3912444,4275939,7667267,7309092,8002171,7336684.0,6993952,7657148,0,0,4015,3952,4087,3841,3781,3911,2767,2716,2821,2648,2599,2700,447,427,467,428,409,447,801,763,836,766,730,800,0,0,0.689,0.681,0.697,0.111,0.107,0.116,0.199,0.192,0.207,0.0,0.0,0.0,0.075,0.071,0.079,0.052,0.049,0.054,0.008,0.008,0.009,0.015,0.014,0.016,0.0,0.0,0.0,1
86,Italy,ITA,Country,2021,181771520,177933697,185811010,276408345,270572412,282550938,137177628,133803185,140919045,208597261,203465959,214286594,4825181,4613407,5057033,7337345,7015314,7689908,39768711,38692757,40957875,60473739.0,58837605,62282026,0,0,3037,2973,3105,4619,4521,4721,2292,2236,2355,3486,3400,3581,81,77,85,123,117,128,665,647,684,1010,983,1041,0,0,0.755,0.748,0.761,0.027,0.025,0.028,0.219,0.213,0.225,0.0,0.0,0.0,0.092,0.09,0.094,0.069,0.067,0.072,0.002,0.002,0.003,0.02,0.02,0.021,0.0,0.0,0.0,3
115,Jamaica,JAM,Country,2021,1198938,1115428,1284872,2379801,2214040,2550374,826770,756294,897451,1641076,1501186,1781373,165065,127008,210529,327641,252101,417884,151393,121265,186270,300504.0,240701,369732,55710,110580,429,399,460,851,792,912,296,271,321,587,537,637,59,45,75,117,90,150,54,43,67,108,86,132,20,40,0.69,0.654,0.723,0.138,0.108,0.17,0.126,0.103,0.155,0.047,0.043,0.05,0.074,0.069,0.08,0.051,0.046,0.055,0.01,0.008,0.013,0.009,0.007,0.011,0.003,0.003,0.003,0
67,Japan,JPN,Country,2021,453057589,440071814,466530218,656950323,638120467,676486135,383797042,371010817,397238811,556519959,537979457,576011022,14707848,14173935,15191318,21326925,20552732,22027976,54552699,53394373,55738288,79103439.0,77423823,80822586,0,0,3541,3439,3646,5134,4987,5287,3000,2900,3105,4350,4205,4502,115,111,119,167,161,172,426,417,436,618,605,632,0,0,0.847,0.842,0.852,0.032,0.031,0.034,0.12,0.117,0.125,0.0,0.0,0.0,0.106,0.103,0.109,0.09,0.087,0.093,0.003,0.003,0.004,0.013,0.012,0.013,0.0,0.0,0.0,3
144,Jordan,JOR,Country,2021,3295610,3063192,3542941,8622102,8014041,9269178,1198530,1063103,1354835,3135641,2781331,3544572,522221,440112,612795,1366254,1151437,1603218,1314871,1151292,1498697,3440016.0,3012054,3920948,259988,680190,267,249,288,700,650,752,97,86,110,254,226,288,42,36,50,111,93,130,107,93,122,279,244,318,21,55,0.364,0.329,0.399,0.159,0.135,0.185,0.399,0.362,0.435,0.079,0.073,0.085,0.062,0.056,0.069,0.023,0.019,0.026,0.01,0.008,0.012,0.025,0.021,0.029,0.005,0.005,0.005,0
36,Kazakhstan,KAZ,Country,2021,8615837,7963232,9231118,23049426,21303553,24695451,5580596,5107375,6035424,14929431,13663452,16146205,830031,552606,1198423,2220532,1478353,3206068,2147383,1953019,2333480,5744764.0,5224794,6242618,57826,154698,455,420,487,1217,1125,1304,295,270,319,788,721,853,44,29,63,117,78,169,113,103,123,303,276,330,3,8,0.648,0.609,0.684,0.096,0.065,0.134,0.249,0.226,0.273,0.007,0.006,0.007,0.04,0.036,0.043,0.026,0.023,0.028,0.004,0.003,0.006,0.01,0.009,0.011,0.0,0.0,0.0,0
180,Kenya,KEN,Country,2021,5198669,4766181,5676556,14241169,13056416,15550288,2404253,2099267,2702252,6586180,5750707,7402516,545342,314375,872699,1493903,861194,2390660,1100450,920129,1327888,3014560.0,2520589,3637600,1148624,3146525,104,95,113,284,261,310,48,42,54,132,115,148,11,6,17,30,17,48,22,18,27,60,50,73,23,63,0.463,0.421,0.508,0.104,0.061,0.156,0.212,0.18,0.245,0.221,0.202,0.241,0.049,0.045,0.055,0.023,0.02,0.026,0.005,0.003,0.008,0.01,0.009,0.013,0.011,0.01,0.011,0
23,Kiribati,KIR,Country,2021,46115,43101,49072,57444,53689,61128,25224,22952,27907,31420,28590,34763,773,446,1169,963,556,1456,6305,4378,8584,7854.0,5453,10693,13813,17207,381,356,405,474,443,504,208,189,230,259,236,287,6,4,10,8,5,12,52,36,71,65,45,88,114,142,0.547,0.51,0.58,0.017,0.01,0.025,0.136,0.101,0.177,0.3,0.281,0.32,0.218,0.199,0.237,0.119,0.106,0.134,0.004,0.002,0.006,0.03,0.021,0.04,0.065,0.061,0.068,0
145,Kuwait,KWT,Country,2021,9329653,8821707,9934697,13225111,12505079,14082782,8382154,7846333,8992741,11881997,11122452,12747527,88625,75823,103024,125629,107481,146040,858875,781775,945253,1217485.0,1108193,1339929,0,0,1999,1890,2129,2834,2680,3018,1796,1681,1927,2546,2383,2732,19,16,22,27,23,31,184,168,203,261,237,287,0,0,0.898,0.887,0.909,0.01,0.008,0.011,0.092,0.082,0.103,0.0,0.0,0.0,0.055,0.049,0.063,0.049,0.044,0.056,0.001,0.0,0.001,0.005,0.004,0.006,0.0,0.0,0.0,3
37,Kyrgyzstan,KGZ,Country,2021,659535,597932,730136,2352673,2132925,2604521,291902,247450,345682,1041264,882696,1233105,246,121,429,877,432,1532,245673,202238,297132,876359.0,721417,1059921,121713,434172,96,87,107,343,311,380,43,36,50,152,129,180,0,0,0,0,0,0,36,30,43,128,105,155,18,63,0.442,0.392,0.492,0.0,0.0,0.001,0.372,0.321,0.426,0.185,0.167,0.204,0.058,0.052,0.065,0.026,0.022,0.031,0.0,0.0,0.0,0.022,0.018,0.026,0.011,0.011,0.011,0
12,Lao People's Democratic Republic,LAO,Country,2021,482067,453114,520709,2168486,2038247,2342311,109523,93737,125007,492670,421658,562320,40886,20819,70045,183918,93650,315085,126196,113373,142142,567671.0,509987,639398,205461,924226,65,61,70,293,275,316,15,13,17,66,57,76,6,3,9,25,13,43,17,15,19,77,69,86,28,125,0.227,0.2,0.254,0.084,0.045,0.136,0.262,0.236,0.291,0.427,0.395,0.453,0.032,0.029,0.034,0.007,0.006,0.008,0.003,0.001,0.005,0.008,0.007,0.01,0.014,0.013,0.014,0
59,Latvia,LVA,Country,2021,3624600,3531794,3720781,6464945,6299413,6636495,2518323,2441796,2595467,4491756,4355260,4629353,139136,110100,173225,248167,196379,308970,967142,917123,1020519,1725023.0,1635808,1820228,0,0,1941,1891,1993,3462,3374,3554,1349,1308,1390,2405,2332,2479,75,59,93,133,105,165,518,491,547,924,876,975,0,0,0.695,0.68,0.708,0.038,0.031,0.048,0.267,0.255,0.279,0.0,0.0,0.0,0.092,0.09,0.095,0.064,0.062,0.066,0.004,0.003,0.004,0.025,0.023,0.026,0.0,0.0,0.0,3
146,Lebanon,LBN,Country,2021,1175342,1086182,1279617,4221805,3901545,4596361,305920,266232,350139,1098859,956300,1257693,272820,210120,344570,979964,754747,1237687,376896,334626,427539,1353804.0,1201971,1535712,219705,789177,212,196,231,762,704,829,55,48,63,198,173,227,49,38,62,177,136,223,68,60,77,244,217,277,40,142,0.26,0.232,0.295,0.232,0.189,0.282,0.321,0.285,0.356,0.187,0.172,0.202,0.057,0.046,0.07,0.015,0.011,0.019,0.013,0.01,0.019,0.018,0.015,0.023,0.011,0.009,0.013,0
194,Lesotho,LSO,Country,2021,275069,254132,296952,729343,673827,787365,101719,83243,122743,269706,220717,325452,1087,537,1898,2883,1423,5033,35311,25971,46831,93627.0,68863,124173,136952,363127,147,136,159,390,360,421,54,45,66,144,118,174,1,0,1,2,1,3,19,14,25,50,37,66,73,194,0.369,0.323,0.416,0.004,0.002,0.007,0.128,0.096,0.166,0.499,0.461,0.539,0.136,0.12,0.151,0.05,0.04,0.061,0.001,0.0,0.001,0.017,0.013,0.024,0.068,0.062,0.072,0
210,Liberia,LBR,Country,2021,384076,358622,414238,866988,809532,935074,40750,31043,51460,91986,70075,116163,20057,14857,26460,45274,33537,59730,158886,135455,191381,358660.0,305768,432012,164383,371068,70,66,76,159,148,171,7,6,9,17,13,21,4,3,5,8,6,11,29,25,35,66,56,79,30,68,0.106,0.082,0.132,0.052,0.038,0.07,0.413,0.371,0.46,0.429,0.397,0.458,0.107,0.084,0.141,0.011,0.008,0.017,0.006,0.004,0.009,0.044,0.033,0.061,0.046,0.037,0.06,0
147,Libya,LBY,Country,2021,1774693,1464669,2167676,6713904,5541043,8200613,1161799,856690,1501286,4395245,3240973,5679568,74076,36563,129179,280238,138323,488702,452063,329670,595294,1710216.0,1247187,2252080,86755,328204,258,213,315,976,806,1192,169,125,218,639,471,826,11,5,19,41,20,71,66,48,87,249,181,327,13,48,0.653,0.564,0.731,0.042,0.021,0.071,0.256,0.188,0.341,0.049,0.04,0.059,0.041,0.034,0.05,0.027,0.02,0.035,0.002,0.001,0.003,0.011,0.008,0.014,0.002,0.002,0.002,0
60,Lithuania,LTU,Country,2021,5392369,5259953,5529193,10172287,9922495,10430395,3638362,3518643,3763744,6863488,6637647,7100012,117528,110830,125132,221708,209072,236052,1636479,1583086,1692265,3087092.0,2986368,3192327,0,0,1977,1928,2027,3729,3638,3824,1334,1290,1380,2516,2434,2603,43,41,46,81,77,87,600,580,620,1132,1095,1170,0,0,0.675,0.665,0.685,0.022,0.021,0.023,0.304,0.293,0.313,0.0,0.0,0.0,0.08,0.078,0.082,0.054,0.052,0.056,0.002,0.002,0.002,0.024,0.023,0.025,0.0,0.0,0.0,3
87,Luxembourg,LUX,Country,2021,4487928,4311665,4688683,5009993,4813227,5234102,3952082,3779010,4141076,4411814,4218610,4622794,135608,118507,153423,151383,132293,171270,400238,357651,449837,446796.0,399255,502165,0,0,6957,6684,7268,7766,7461,8113,6126,5858,6419,6839,6539,7166,210,184,238,235,205,265,620,554,697,693,619,778,0,0,0.881,0.869,0.891,0.03,0.026,0.034,0.089,0.08,0.099,0.0,0.0,0.0,0.055,0.053,0.058,0.049,0.046,0.051,0.002,0.001,0.002,0.005,0.004,0.006,0.0,0.0,0.0,1
181,Madagascar,MDG,Country,2021,556280,523656,594234,1932804,1819451,2064678,109835,89248,132968,381624,310093,461999,31996,15815,55634,111171,54949,193303,167944,148634,188237,583525.0,516431,654032,246504,856483,19,18,21,68,64,72,4,3,5,13,11,16,1,1,2,4,2,7,6,5,7,20,18,23,9,30,0.197,0.164,0.23,0.057,0.03,0.097,0.302,0.272,0.331,0.444,0.415,0.471,0.038,0.036,0.041,0.008,0.006,0.009,0.002,0.001,0.004,0.012,0.01,0.013,0.017,0.017,0.017,0
182,Malawi,MWI,Country,2021,1067298,1016872,1123659,3061577,2916931,3223250,175506,136309,220736,503445,391005,633187,51832,32538,77183,148681,93335,221401,135649,108262,171864,389112.0,310552,492997,704311,2020339,55,52,58,158,150,166,9,7,11,26,20,33,3,2,4,8,5,11,7,6,9,20,16,25,36,104,0.164,0.131,0.199,0.048,0.031,0.071,0.127,0.104,0.157,0.66,0.627,0.693,0.089,0.082,0.1,0.015,0.011,0.019,0.004,0.003,0.007,0.011,0.009,0.014,0.059,0.055,0.064,0
13,Malaysia,MYS,Country,2021,16402721,15597916,17241551,45834761,43585863,48178737,9197846,8536757,9880859,25701900,23854592,27610468,1929360,1471030,2442904,5391285,4110555,6826301,5251775,5152993,5356368,14675240.0,14399209,14967509,23739,66336,517,492,544,1446,1375,1520,290,269,312,811,752,871,61,46,77,170,130,215,166,163,169,463,454,472,1,2,0.561,0.535,0.587,0.117,0.092,0.145,0.32,0.305,0.336,0.001,0.001,0.002,0.046,0.043,0.049,0.026,0.024,0.028,0.005,0.004,0.007,0.015,0.014,0.015,0.0,0.0,0.0,0
14,Maldives,MDV,Country,2021,497238,468134,525760,1048692,987311,1108846,390211,364064,414590,822968,767824,874384,9344,5846,14372,19708,12329,30311,78155,67170,90852,164832.0,141665,191610,19527,41184,962,906,1017,2029,1910,2145,755,704,802,1592,1485,1691,18,11,28,38,24,59,151,130,176,319,274,371,38,80,0.785,0.762,0.804,0.019,0.012,0.029,0.157,0.137,0.178,0.039,0.037,0.042,0.081,0.063,0.095,0.063,0.049,0.075,0.002,0.001,0.002,0.013,0.009,0.016,0.003,0.003,0.004,0
211,Mali,MLI,Country,2021,926702,872540,985212,2749504,2588808,2923102,242067,215457,269675,718208,639255,800119,58056,28859,100650,172251,85625,298625,277941,246755,310567,824646.0,732117,921445,348638,1034400,38,36,41,114,108,121,10,9,11,30,27,33,2,1,4,7,4,12,12,10,13,34,30,38,14,43,0.261,0.236,0.29,0.062,0.032,0.106,0.3,0.273,0.331,0.377,0.354,0.4,0.042,0.032,0.051,0.011,0.008,0.014,0.003,0.001,0.005,0.013,0.009,0.016,0.016,0.012,0.019,0
88,Malta,MLT,Country,2021,1812023,1759417,1863372,3092310,3002536,3179940,1188859,1160455,1218239,2028848,1980376,2078987,53999,49358,58717,92151,84232,100203,569165,527445,612947,971310.0,900112,1046025,0,0,4084,3966,4200,6970,6768,7168,2680,2616,2746,4573,4464,4686,122,111,132,208,190,226,1283,1189,1382,2189,2029,2358,0,0,0.656,0.638,0.672,0.03,0.027,0.032,0.314,0.297,0.332,0.0,0.0,0.0,0.125,0.121,0.13,0.082,0.08,0.085,0.004,0.003,0.004,0.039,0.037,0.043,0.0,0.0,0.0,1
24,Marshall Islands,MHL,Country,2021,26436,24026,29442,24892,22624,27723,14888,13226,16623,14019,12454,15653,2071,1457,2925,1950,1372,2755,5081,3536,6905,4784.0,3329,6502,4396,4139,468,425,521,441,401,491,264,234,294,248,221,277,37,26,52,35,24,49,90,63,122,85,59,115,78,73,0.563,0.515,0.608,0.078,0.055,0.108,0.192,0.142,0.246,0.167,0.149,0.183,0.073,0.066,0.082,0.041,0.037,0.047,0.006,0.004,0.008,0.014,0.01,0.019,0.012,0.012,0.013,0
212,Mauritania,MRT,Country,2021,430079,390216,475268,1338825,1214732,1479496,148294,123966,177730,461637,385901,553270,17676,9011,29838,55025,28050,92886,131603,103763,164103,409678.0,323011,510848,132505,412485,98,89,108,305,277,337,34,28,40,105,88,126,4,2,7,13,6,21,30,24,37,93,74,116,30,94,0.345,0.299,0.396,0.041,0.022,0.068,0.305,0.254,0.359,0.309,0.279,0.34,0.048,0.041,0.055,0.017,0.013,0.02,0.002,0.001,0.003,0.015,0.011,0.019,0.015,0.013,0.016,0
183,Mauritius,MUS,Country,2021,767155,732226,803608,2020374,1928388,2116378,369852,346085,394708,974040,911448,1039500,48251,39749,57982,127075,104681,152700,325415,303042,348221,857012.0,798090,917072,23636,62247,603,576,632,1588,1516,1663,291,272,310,766,716,817,38,31,46,100,82,120,256,238,274,674,627,721,19,49,0.482,0.46,0.503,0.063,0.053,0.075,0.424,0.403,0.445,0.031,0.029,0.032,0.065,0.062,0.069,0.031,0.029,0.034,0.004,0.003,0.005,0.028,0.026,0.03,0.002,0.002,0.002,0
130,Mexico,MEX,Country,2021,82997618,79952333,86276356,173489135,167123605,180342652,41478963,38895780,44081100,86703085,81303481,92142306,7005842,6852229,7161743,14644245,14323150,14970124,34491632,32492024,36692725,72097532.0,67917771,76698455,21181,44274,641,617,666,1339,1290,1392,320,300,340,669,627,711,54,53,55,113,111,116,266,251,283,556,524,592,0,0,0.5,0.479,0.52,0.084,0.081,0.088,0.416,0.396,0.437,0.0,0.0,0.0,0.058,0.055,0.06,0.029,0.027,0.031,0.005,0.005,0.005,0.024,0.023,0.026,0.0,0.0,0.0,0
25,Micronesia (Federated States of),FSM,Country,2021,10063,8803,11521,9199,8047,10531,8397,7185,9868,7676,6568,9020,2,0,4,2,0,4,1103,860,1410,1008.0,786,1289,561,513,98,86,113,90,79,103,82,70,96,75,64,88,0,0,0,0,0,0,11,8,14,10,8,13,5,5,0.834,0.804,0.861,0.0,0.0,0.0,0.11,0.085,0.137,0.056,0.049,0.064,0.025,0.022,0.03,0.021,0.018,0.025,0.0,0.0,0.0,0.003,0.002,0.004,0.001,0.001,0.001,0
367,Monaco,MCO,Country,2021,293828,283087,304144,385465,371374,398998,264393,254316,275537,346850,333630,361470,9435,7364,11690,12377,9661,15336,20000,19155,20951,26237.0,25129,27485,0,0,7762,7478,8034,10183,9810,10540,6984,6718,7279,9163,8813,9549,249,195,309,327,255,405,528,506,553,693,664,726,0,0,0.9,0.891,0.908,0.032,0.025,0.039,0.068,0.064,0.072,0.0,0.0,0.0,0.036,0.032,0.042,0.032,0.029,0.038,0.001,0.001,0.002,0.002,0.002,0.003,0.0,0.0,0.0,1
38,Mongolia,MNG,Country,2021,1441530,1371018,1512619,4072964,3873735,4273823,741116,671768,809232,2093984,1898044,2286441,6971,3479,11991,19698,9829,33881,378289,371331,385164,1068833.0,1049174,1088259,315154,890449,432,411,454,1221,1162,1282,222,201,243,628,569,686,2,1,4,6,3,10,113,111,116,321,315,326,95,267,0.514,0.489,0.535,0.005,0.002,0.008,0.263,0.25,0.277,0.219,0.208,0.23,0.09,0.085,0.094,0.046,0.041,0.05,0.0,0.0,0.001,0.023,0.023,0.024,0.02,0.019,0.02,0
50,Montenegro,MNE,Country,2021,623286,601761,646584,1642926,1586188,1704338,373192,354433,393536,983700,934252,1037325,6307,3390,10315,16624,8935,27189,230582,218318,244275,607793.0,575467,643886,13206,34809,1007,972,1045,2655,2563,2754,603,573,636,1589,1509,1676,10,5,17,27,14,44,373,353,395,982,930,1040,21,56,0.599,0.582,0.617,0.01,0.005,0.016,0.37,0.351,0.387,0.021,0.02,0.022,0.109,0.105,0.113,0.065,0.062,0.069,0.001,0.001,0.002,0.04,0.038,0.043,0.002,0.002,0.002,3
148,Morocco,MAR,Country,2021,7580455,6839649,8367903,21021364,18967034,23205036,2888809,2438970,3439825,8010958,6763508,9538982,994854,620057,1489272,2758829,1719479,4129902,3335542,2889503,3785973,9249794.0,8012883,10498883,361250,1001782,204,184,225,566,510,624,78,66,93,216,182,257,27,17,40,74,46,111,90,78,102,249,216,282,10,27,0.381,0.331,0.434,0.131,0.084,0.188,0.44,0.394,0.489,0.048,0.043,0.053,0.057,0.05,0.064,0.022,0.018,0.026,0.007,0.005,0.011,0.025,0.021,0.029,0.003,0.003,0.003,0
184,Mozambique,MOZ,Country,2021,1731710,1597169,1876265,4377386,4037294,4742790,467049,342179,608081,1180598,864955,1537097,91410,45773,157228,231064,115704,397438,153773,115107,199882,388704.0,290966,505259,1019479,2577021,56,51,60,141,130,153,15,11,20,38,28,49,3,1,5,7,4,13,5,4,6,13,9,16,33,83,0.269,0.21,0.328,0.053,0.027,0.09,0.089,0.068,0.115,0.59,0.543,0.638,0.096,0.088,0.103,0.026,0.019,0.034,0.005,0.003,0.009,0.008,0.006,0.011,0.056,0.055,0.058,0
15,Myanmar,MMR,Country,2021,3717044,3468458,3999283,14674046,13692685,15788263,704947,581189,847787,2782972,2294402,3346869,1464,720,2557,5778,2841,10093,2546020,2309307,2806857,10051110.0,9116621,11080836,464613,1834186,66,61,71,260,242,279,12,10,15,49,41,59,0,0,0,0,0,0,45,41,50,178,161,196,8,32,0.19,0.16,0.222,0.0,0.0,0.001,0.685,0.651,0.717,0.125,0.116,0.134,0.048,0.04,0.058,0.009,0.007,0.011,0.0,0.0,0.0,0.033,0.027,0.04,0.006,0.005,0.007,0
195,Namibia,NAM,Country,2021,1159466,1082630,1238258,2646423,2471049,2826262,532038,483337,587104,1214350,1103191,1340035,405844,351246,466626,926318,801701,1065050,83413,65807,102882,190385.0,150201,234824,138172,315370,477,445,509,1088,1016,1162,219,199,241,499,454,551,167,144,192,381,330,438,34,27,42,78,62,97,57,130,0.459,0.426,0.493,0.35,0.314,0.386,0.072,0.057,0.088,0.119,0.112,0.128,0.1,0.093,0.107,0.046,0.041,0.051,0.035,0.03,0.04,0.007,0.006,0.009,0.012,0.012,0.012,0
369,Nauru,NRU,Country,2021,19964,19085,20980,18012,17219,18929,16828,16452,17229,15183,14843,15545,299,182,449,269,164,405,2838,1975,3856,2560.0,1782,3479,0,0,1815,1735,1907,1637,1565,1721,1530,1496,1566,1380,1349,1413,27,17,41,24,15,37,258,180,351,233,162,316,0,0,0.843,0.801,0.882,0.015,0.009,0.022,0.142,0.104,0.184,0.0,0.0,0.0,0.134,0.078,0.196,0.113,0.065,0.162,0.002,0.001,0.003,0.019,0.01,0.03,0.0,0.0,0.0,3
164,Nepal,NPL,Country,2021,2258551,2185559,2335643,7984487,7726445,8257025,683360,651896,712274,2415833,2304599,2518049,72139,41526,116540,255026,146802,411994,1050331,988774,1113982,3713157.0,3495539,3938177,452721,1600470,73,71,75,258,249,266,22,21,23,78,74,81,2,1,4,8,5,13,34,32,36,120,113,127,15,52,0.303,0.29,0.316,0.032,0.018,0.051,0.465,0.447,0.482,0.201,0.194,0.207,0.057,0.055,0.06,0.017,0.016,0.018,0.002,0.001,0.003,0.027,0.025,0.028,0.011,0.011,0.012,0
89,Netherlands,NLD,Country,2021,107402631,105436613,109541265,132353507,129930760,134988969,74962818,73652497,76355161,92377549,90762825,94093350,22397742,20955570,23913752,27600997,25823792,29469194,10042071,9488782,10649222,12374960.0,11693137,13123159,0,0,6241,6126,6365,7690,7549,7843,4356,4279,4437,5367,5274,5467,1301,1218,1389,1604,1500,1712,583,551,619,719,679,763,0,0,0.698,0.688,0.709,0.209,0.197,0.22,0.094,0.088,0.099,0.0,0.0,0.0,0.113,0.111,0.115,0.079,0.077,0.08,0.024,0.022,0.025,0.011,0.01,0.011,0.0,0.0,0.0,1
72,New Zealand,NZL,Country,2021,23790343,23370960,24198585,26178971,25717480,26628202,18332571,17950425,18757766,20173220,19752706,20641106,2692966,2567526,2834349,2963349,2825314,3118927,2764806,2622312,2918219,3042402.0,2885601,3211218,0,0,4597,4516,4676,5059,4970,5146,3543,3469,3625,3898,3817,3989,520,496,548,573,546,603,534,507,564,588,558,621,0,0,0.771,0.762,0.778,0.113,0.108,0.119,0.116,0.11,0.123,0.0,0.0,0.0,0.099,0.097,0.101,0.076,0.074,0.078,0.011,0.011,0.012,0.012,0.011,0.012,0.0,0.0,0.0,1
131,Nicaragua,NIC,Country,2021,1608827,1477184,1758064,4903804,4502549,5358690,925320,818337,1038478,2820434,2494342,3165347,23699,11901,40674,72236,36276,123978,448594,371186,533639,1367342.0,1131399,1626564,211213,643791,242,222,265,738,678,806,139,123,156,424,375,476,4,2,6,11,5,19,68,56,80,206,170,245,32,97,0.575,0.535,0.617,0.015,0.008,0.024,0.279,0.238,0.322,0.132,0.12,0.143,0.108,0.098,0.119,0.062,0.055,0.07,0.002,0.001,0.003,0.03,0.025,0.036,0.014,0.014,0.015,0
213,Niger,NER,Country,2021,1199975,1146408,1252955,3075769,2938465,3211565,296314,264125,332243,759511,677003,851604,61852,30613,107609,158537,78466,275822,338504,315371,362498,867651.0,808357,929151,503306,1290070,48,46,50,122,117,128,12,11,13,30,27,34,2,1,4,6,3,11,13,13,14,35,32,37,20,51,0.247,0.224,0.269,0.051,0.026,0.087,0.282,0.263,0.301,0.42,0.402,0.439,0.087,0.083,0.091,0.021,0.019,0.024,0.004,0.002,0.008,0.025,0.023,0.026,0.036,0.036,0.037,0
214,Nigeria,NGA,Country,2021,19091658,17639191,20579871,51219012,47322341,55211584,2513364,2198968,2818757,6742843,5899381,7562149,549878,271775,956695,1475209,729117,2566616,14341928,12991242,15876066,38476458.0,34852846,42592236,1686488,4524502,83,76,89,222,205,239,11,10,12,29,26,33,2,1,4,6,3,11,62,56,69,167,151,185,7,20,0.132,0.116,0.149,0.029,0.014,0.048,0.751,0.726,0.777,0.088,0.082,0.096,0.038,0.035,0.041,0.005,0.004,0.006,0.001,0.001,0.002,0.028,0.026,0.032,0.003,0.003,0.003,0
374,Niue,NIU,Country,2021,3215,2496,4038,3237,2513,4066,2672,1995,3438,2690,2009,3461,107,52,189,108,53,190,436,304,593,439.0,306,597,0,0,1923,1493,2415,1936,1503,2432,1598,1193,2056,1609,1202,2070,64,31,113,65,32,114,261,182,355,263,183,357,0,0,0.829,0.773,0.878,0.034,0.017,0.057,0.137,0.092,0.19,0.0,0.0,0.0,0.105,0.079,0.136,0.087,0.064,0.118,0.004,0.002,0.006,0.014,0.01,0.019,0.0,0.0,0.0,3
49,North Macedonia,MKD,Country,2021,1160710,1104271,1218576,3539950,3367821,3716430,619516,575209,669674,1889408,1754281,2042380,43711,23312,72060,133309,71096,219768,476001,453332,498232,1451715.0,1382579,1519515,21482,65517,531,505,557,1619,1540,1700,283,263,306,864,802,934,20,11,33,61,33,101,218,207,228,664,632,695,10,30,0.534,0.511,0.558,0.038,0.02,0.061,0.41,0.389,0.43,0.019,0.018,0.019,0.083,0.079,0.087,0.044,0.041,0.048,0.003,0.002,0.005,0.034,0.032,0.036,0.002,0.002,0.002,0
376,Northern Mariana Islands,MNP,Country,2021,23361,18487,29238,23361,18487,29238,15181,10799,20278,15181,10799,20278,1209,590,2126,1209,590,2126,6971,4851,9474,6971.0,4851,9474,0,0,482,381,603,482,381,603,313,223,418,313,223,418,25,12,44,25,12,44,144,100,195,144,100,195,0,0,0.648,0.552,0.735,0.052,0.026,0.089,0.3,0.21,0.392,0.0,0.0,0.0,0.024,0.019,0.031,0.016,0.011,0.021,0.001,0.001,0.002,0.007,0.005,0.01,0.0,0.0,0.0,0
90,Norway,NOR,Country,2021,55663834,54660180,56708004,41033693,40293829,41803423,47625224,46662133,48622452,35107873,34397911,35842999,216109,192992,241257,159309,142268,177848,7822500,7543242,8110636,5766510.0,5560650,5978915,0,0,10273,10088,10466,7573,7437,7715,8790,8612,8974,6479,6348,6615,40,36,45,29,26,33,1444,1392,1497,1064,1026,1103,0,0,0.856,0.851,0.86,0.004,0.003,0.004,0.141,0.136,0.145,0.0,0.0,0.0,0.099,0.097,0.101,0.085,0.083,0.087,0.0,0.0,0.0,0.014,0.013,0.014,0.0,0.0,0.0,1
150,Oman,OMN,Country,2021,4803557,4416885,5173897,7995446,7351837,8611872,4181612,3799416,4546316,6960230,6324069,7567274,326061,297402,355354,542724,495021,591481,295883,269935,328431,492493.0,449302,546668,0,0,1022,939,1100,1700,1564,1831,889,808,967,1480,1345,1609,69,63,76,115,105,126,63,57,70,105,96,116,0,0,0.87,0.858,0.882,0.068,0.061,0.075,0.062,0.055,0.069,0.0,0.0,0.0,0.042,0.039,0.045,0.037,0.033,0.04,0.003,0.003,0.003,0.003,0.002,0.003,0.0,0.0,0.0,0
165,Pakistan,PAK,Country,2021,10822320,9096037,12636589,43906799,36903166,51267400,3004896,2207730,3908905,12191045,8956892,15858662,356410,176345,619349,1445977,715441,2512734,6022950,4581091,7894174,24435468.0,18585759,32027136,1438063,5834310,46,39,54,186,157,218,13,9,17,52,38,67,2,1,3,6,3,11,26,19,34,104,79,136,6,25,0.278,0.209,0.349,0.033,0.017,0.057,0.555,0.475,0.632,0.134,0.114,0.158,0.029,0.024,0.034,0.008,0.006,0.01,0.001,0.0,0.002,0.016,0.012,0.021,0.004,0.004,0.004,0
380,Palau,PLW,Country,2021,32966,31903,33874,34304,33197,35248,18182,17306,19089,18919,18008,19864,7523,7053,7998,7829,7339,8323,6506,6262,6761,6770.0,6516,7036,755,785,1818,1759,1868,1892,1831,1944,1003,954,1053,1043,993,1095,415,389,441,432,405,459,359,345,373,373,359,388,42,43,0.551,0.537,0.568,0.228,0.214,0.241,0.197,0.189,0.207,0.023,0.022,0.024,0.135,0.124,0.144,0.074,0.067,0.08,0.031,0.028,0.033,0.027,0.024,0.029,0.003,0.003,0.003,3
149,Palestine,PSE,Country,2021,1962386,1849612,2068354,1096222,1033225,1155418,857682,791117,921940,479116,441932,515012,357198,313452,411953,199537,175100,230124,624262,564980,691584,348723.0,315607,386330,123244,68846,382,360,403,214,201,225,167,154,180,93,86,100,70,61,80,39,34,45,122,110,135,68,62,75,24,13,0.437,0.412,0.461,0.182,0.162,0.206,0.318,0.296,0.343,0.063,0.06,0.067,0.106,0.1,0.114,0.046,0.042,0.051,0.019,0.017,0.022,0.034,0.03,0.038,0.007,0.006,0.007,0
132,Panama,PAN,Country,2021,6274976,6092108,6462659,14196779,13783050,14621400,3505157,3398475,3620344,7930219,7688857,8190824,377156,357612,395605,853293,809078,895035,2392664,2244216,2533424,5413267.0,5077412,5731728,0,0,1463,1420,1506,3309,3213,3408,817,792,844,1849,1792,1909,88,83,92,199,189,209,558,523,591,1262,1184,1336,0,0,0.559,0.544,0.575,0.06,0.057,0.063,0.381,0.364,0.397,0.0,0.0,0.0,0.093,0.089,0.098,0.052,0.05,0.055,0.006,0.005,0.006,0.036,0.033,0.038,0.0,0.0,0.0,3
26,Papua New Guinea,PNG,Country,2021,869377,791590,961313,1078277,981798,1192304,365109,290540,457520,452839,360353,567456,163,0,299,202,0,371,72732,54082,97734,90209.0,67077,121218,431374,535027,83,76,92,103,94,114,35,28,44,43,34,54,0,0,0,0,0,0,7,5,9,9,6,12,41,51,0.419,0.362,0.476,0.0,0.0,0.0,0.084,0.062,0.111,0.497,0.449,0.545,0.029,0.025,0.035,0.012,0.009,0.016,0.0,0.0,0.0,0.002,0.002,0.003,0.015,0.013,0.017,0
136,Paraguay,PRY,Country,2021,3421624,3329814,3542004,8884686,8646291,9197268,1859704,1821849,1896122,4828961,4730666,4923524,279194,202536,396407,724962,525911,1029323,1203148,1177187,1229934,3124129.0,3056719,3193682,79578,206634,481,468,497,1248,1214,1292,261,256,266,678,664,691,39,28,56,102,74,145,169,165,173,439,429,449,11,29,0.544,0.525,0.558,0.081,0.061,0.112,0.352,0.339,0.362,0.023,0.022,0.024,0.08,0.074,0.087,0.043,0.041,0.047,0.007,0.005,0.009,0.028,0.026,0.031,0.002,0.002,0.002,0
123,Peru,PER,Country,2021,14908643,14016756,15965424,31882160,29974858,34142088,9536113,8826698,10257456,20392996,18875910,21935588,1141610,775175,1621045,2441336,1657713,3466607,3998568,3512827,4489584,8550945.0,7512187,9600984,232352,496884,410,386,439,877,825,940,262,243,282,561,519,604,31,21,45,67,46,95,110,97,124,235,207,264,6,14,0.64,0.606,0.672,0.076,0.053,0.108,0.268,0.239,0.295,0.016,0.015,0.017,0.058,0.054,0.062,0.037,0.034,0.04,0.004,0.003,0.006,0.016,0.014,0.017,0.001,0.001,0.001,0
16,Philippines,PHL,Country,2021,21495449,20369202,22748849,62258793,58996764,65889105,8734394,8300970,9173966,25298044,24042688,26571209,2188044,1314304,3331747,6337386,3806711,9649975,8489060,8023510,8937849,24587468.0,23239061,25887326,2083951,6035896,190,180,201,550,521,582,77,73,81,224,213,235,19,12,29,56,34,85,75,71,79,217,205,229,18,53,0.407,0.383,0.431,0.101,0.063,0.146,0.395,0.368,0.418,0.097,0.092,0.102,0.057,0.054,0.061,0.023,0.022,0.024,0.006,0.004,0.009,0.022,0.021,0.024,0.006,0.005,0.006,0
51,Poland,POL,Country,2021,42224331,41520902,42957288,100422608,98749634,102165808,30499762,29918043,31136894,72537931,71154421,74053229,3179529,3023186,3343861,7561910,7190078,7952743,8545041,8251149,8843548,20322768.0,19623802,21032712,0,0,1107,1088,1126,2632,2588,2678,799,784,816,1901,1865,1941,83,79,88,198,188,208,224,216,232,533,514,551,0,0,0.722,0.716,0.729,0.075,0.072,0.079,0.202,0.196,0.209,0.0,0.0,0.0,0.064,0.063,0.065,0.046,0.045,0.047,0.005,0.005,0.005,0.013,0.012,0.013,0.0,0.0,0.0,0
91,Portugal,PRT,Country,2021,26347465,25552052,27142124,45872604,44487740,47256156,16643914,15978719,17356021,28978109,27819962,30217931,2053157,1781125,2359666,3574676,3101052,4108327,7650394,7417260,7889250,13319820.0,12913919,13735684,0,0,2481,2406,2556,4320,4190,4451,1567,1505,1635,2729,2620,2846,193,168,222,337,292,387,721,699,743,1254,1216,1294,0,0,0.632,0.619,0.644,0.078,0.068,0.089,0.29,0.28,0.302,0.0,0.0,0.0,0.108,0.105,0.111,0.068,0.066,0.071,0.008,0.007,0.01,0.031,0.03,0.032,0.0,0.0,0.0,3
385,Puerto Rico,PRI,Country,2021,4083249,3295928,4933101,4552117,3674390,5499555,2979321,2285745,3825439,3321429,2548211,4264704,156692,77342,273252,174685,86223,304629,947235,659181,1287295,1056003.0,734873,1435112,0,0,1240,1001,1498,1382,1116,1670,905,694,1162,1008,774,1295,48,23,83,53,26,92,288,200,391,321,223,436,0,0,0.728,0.651,0.798,0.039,0.019,0.066,0.233,0.163,0.304,0.0,0.0,0.0,0.036,0.029,0.043,0.026,0.02,0.033,0.001,0.001,0.002,0.008,0.006,0.011,0.0,0.0,0.0,3
151,Qatar,QAT,Country,2021,6521850,6004747,7079780,8524074,7848218,9253290,5539217,5027227,6097898,7239769,6570598,7969967,550843,491026,623411,719953,641772,814800,431791,359116,510294,564352.0,469365,666955,0,0,2191,2018,2379,2864,2637,3109,1861,1689,2049,2433,2208,2678,185,165,209,242,216,274,145,121,171,190,158,224,0,0,0.849,0.829,0.869,0.085,0.072,0.098,0.066,0.055,0.079,0.0,0.0,0.0,0.026,0.024,0.029,0.022,0.02,0.025,0.002,0.002,0.003,0.002,0.001,0.002,0.0,0.0,0.0,3
68,Republic of Korea,KOR,Country,2021,151256486,149667468,152976872,251228591,248589322,254086056,92907524,91587913,94270420,154314218,152122418,156577912,15360952,15022296,15678367,25513686,24951196,26040894,42988010,42146170,43876684,71400688.0,70002439,72876727,0,0,2931,2900,2964,4868,4817,4924,1800,1775,1827,2990,2948,3034,298,291,304,494,484,505,833,817,850,1384,1357,1412,0,0,0.614,0.61,0.619,0.102,0.099,0.104,0.284,0.28,0.289,0.0,0.0,0.0,0.093,0.092,0.094,0.057,0.056,0.058,0.009,0.009,0.01,0.026,0.026,0.027,0.0,0.0,0.0,3
61,Republic of Moldova,MDA,Country,2021,1215156,1130856,1288784,3333969,3102679,3535977,772042,698067,842195,2118218,1915256,2310693,22776,11501,39006,62488,31553,107019,342999,316515,369667,941072.0,868408,1014240,77339,212191,339,315,359,929,865,985,215,195,235,590,534,644,6,3,11,17,9,30,96,88,103,262,242,283,22,59,0.635,0.607,0.661,0.019,0.01,0.031,0.282,0.26,0.307,0.064,0.06,0.068,0.061,0.053,0.073,0.039,0.033,0.047,0.001,0.001,0.002,0.017,0.015,0.021,0.004,0.003,0.005,0
52,Romania,ROU,Country,2021,18210952,17722178,18706550,44546011,43350415,45758299,14157832,13660735,14667022,34631629,33415676,35877165,156593,131227,181725,383044,320996,444520,3896527,3823982,3972858,9531338.0,9353886,9718053,0,0,963,937,989,2355,2292,2419,748,722,775,1831,1767,1897,8,7,10,20,17,23,206,202,210,504,494,514,0,0,0.777,0.77,0.785,0.009,0.007,0.01,0.214,0.207,0.221,0.0,0.0,0.0,0.064,0.062,0.066,0.05,0.048,0.052,0.001,0.0,0.001,0.014,0.013,0.014,0.0,0.0,0.0,0
62,Russian Federation,RUS,Country,2021,169847379,165314119,174531732,360984515,351349766,370940388,121481725,118149968,125377964,258190746,251109609,266471604,2764757,2281962,3419052,5876067,4849959,7266670,45595494,42667817,48700731,96906218.0,90683891,103505922,5403,11483,1175,1143,1207,2497,2430,2566,840,817,867,1786,1737,1843,19,16,24,41,34,50,315,295,337,670,627,716,0,0,0.715,0.701,0.729,0.016,0.013,0.02,0.268,0.254,0.282,0.0,0.0,0.0,0.074,0.072,0.077,0.053,0.052,0.055,0.001,0.001,0.002,0.02,0.019,0.021,0.0,0.0,0.0,3
185,Rwanda,RWA,Country,2021,1187025,1068529,1323799,3431132,3088614,3826480,361707,276584,471533,1045525,799475,1362980,126600,67743,207594,365941,195814,600058,88728,70284,111841,256471.0,203158,323280,609990,1763195,89,80,100,258,233,288,27,21,36,79,60,103,10,5,16,28,15,45,7,5,8,19,15,24,46,133,0.304,0.252,0.367,0.106,0.058,0.164,0.075,0.058,0.094,0.515,0.461,0.571,0.097,0.087,0.108,0.029,0.022,0.038,0.01,0.006,0.017,0.007,0.006,0.009,0.05,0.048,0.051,0
393,Saint Kitts and Nevis,KNA,Country,2021,54133,52021,56491,90684,87146,94634,31196,29639,32840,52260,49652,55014,1870,1652,2092,3133,2768,3505,21067,19643,22753,35291.0,32905,38116,0,0,927,891,967,1552,1492,1620,534,507,562,895,850,942,32,28,36,54,47,60,361,336,389,604,563,652,0,0,0.576,0.555,0.597,0.035,0.03,0.039,0.389,0.368,0.41,0.0,0.0,0.0,0.053,0.047,0.064,0.031,0.027,0.037,0.002,0.002,0.002,0.021,0.018,0.025,0.0,0.0,0.0,3
116,Saint Lucia,LCA,Country,2021,99251,94056,105177,139334,132041,147653,47995,44047,51809,67378,61835,72732,6270,4489,8581,8803,6302,12046,42081,38807,45818,59076.0,54479,64322,2905,4078,557,528,590,782,741,828,269,247,291,378,347,408,35,25,48,49,35,68,236,218,257,331,306,361,16,23,0.484,0.456,0.509,0.063,0.046,0.085,0.424,0.395,0.451,0.029,0.028,0.031,0.051,0.048,0.054,0.025,0.023,0.027,0.003,0.002,0.004,0.022,0.02,0.023,0.001,0.001,0.002,0
117,Saint Vincent and the Grenadines,VCT,Country,2021,50596,47720,53496,96035,90575,101539,32507,30509,34617,61700,57908,65706,1232,695,1943,2338,1319,3687,12594,10976,14428,23904.0,20833,27385,4264,8093,444,419,470,844,796,892,286,268,304,542,509,577,11,6,17,21,12,32,111,96,127,210,183,241,37,71,0.643,0.614,0.672,0.024,0.014,0.038,0.249,0.222,0.278,0.084,0.08,0.089,0.053,0.049,0.057,0.034,0.031,0.037,0.001,0.001,0.002,0.013,0.011,0.015,0.004,0.004,0.005,0
27,Samoa,WSM,Country,2021,66719,62339,71376,94717,88499,101328,44915,41116,49522,63763,58370,70304,428,239,681,607,340,967,6858,5366,8598,9736.0,7618,12207,14518,20611,312,292,334,443,414,474,210,192,232,298,273,329,2,1,3,3,2,5,32,25,40,46,36,57,68,96,0.673,0.647,0.7,0.006,0.004,0.01,0.103,0.082,0.126,0.218,0.203,0.233,0.074,0.067,0.082,0.05,0.045,0.056,0.0,0.0,0.001,0.008,0.006,0.01,0.016,0.015,0.017,0
396,San Marino,SMR,Country,2021,134937,127974,142801,204771,194205,216706,113229,107191,119918,171829,162666,181981,6436,3177,11224,9767,4821,17032,15272,13645,17226,23175.0,20707,26141,0,0,4105,3893,4344,6229,5908,6592,3444,3261,3648,5227,4948,5536,196,97,341,297,147,518,465,415,524,705,630,795,0,0,0.839,0.808,0.864,0.048,0.025,0.081,0.113,0.101,0.127,0.0,0.0,0.0,0.084,0.079,0.09,0.071,0.066,0.076,0.004,0.002,0.007,0.01,0.008,0.011,0.0,0.0,0.0,3
215,Sao Tome and Principe,STP,Country,2021,63932,61432,67084,107708,103495,113017,18946,16508,22126,31918,27811,37276,749,577,943,1262,972,1588,5002,4630,5360,8427.0,7801,9029,39235,66100,295,283,309,497,477,521,87,76,102,147,128,172,3,3,4,6,4,7,23,21,25,39,36,42,181,305,0.296,0.268,0.329,0.012,0.009,0.015,0.078,0.072,0.085,0.614,0.585,0.639,0.119,0.112,0.126,0.035,0.03,0.041,0.001,0.001,0.002,0.009,0.009,0.01,0.073,0.07,0.075,0
152,Saudi Arabia,SAU,Country,2021,60401035,57580054,63693923,117237964,111762461,123629435,46416570,43608641,49310972,90094220,84644051,95712234,7758733,7031292,8514637,15059643,13647687,16526847,6225733,5616208,6891359,12084101.0,10901019,13376077,0,0,1601,1527,1689,3108,2963,3278,1231,1156,1307,2389,2244,2538,206,186,226,399,362,438,165,149,183,320,289,355,0,0,0.768,0.751,0.785,0.128,0.117,0.141,0.103,0.093,0.114,0.0,0.0,0.0,0.054,0.046,0.06,0.041,0.035,0.046,0.007,0.006,0.008,0.006,0.005,0.006,0.0,0.0,0.0,3
216,Senegal,SEN,Country,2021,1315077,1238510,1400372,3449592,3248748,3673329,301804,269362,336724,791665,706566,883264,100496,52184,166968,263611,136886,437975,559007,511793,603894,1466337.0,1342489,1584079,353771,927980,83,78,88,218,205,232,19,17,21,50,45,56,6,3,11,17,9,28,35,32,38,92,85,100,22,59,0.23,0.205,0.253,0.076,0.041,0.122,0.425,0.396,0.453,0.269,0.253,0.286,0.053,0.05,0.057,0.012,0.011,0.014,0.004,0.002,0.007,0.022,0.021,0.024,0.014,0.014,0.014,0
53,Serbia,SRB,Country,2021,6433730,6161577,6727838,16585887,15884287,17344087,3918555,3717256,4146515,10101871,9582931,10689543,96017,53606,155214,247528,138195,400135,2208914,2035485,2415711,5694488.0,5247395,6227602,210244,542000,721,690,754,1858,1780,1943,439,417,465,1132,1074,1198,11,6,17,28,15,45,248,228,271,638,588,698,24,61,0.609,0.587,0.632,0.015,0.008,0.024,0.343,0.322,0.366,0.033,0.031,0.034,0.081,0.076,0.088,0.049,0.046,0.054,0.001,0.001,0.002,0.028,0.025,0.031,0.003,0.003,0.003,0
186,Seychelles,SYC,Country,2021,92069,89870,94369,180033,175732,184531,70580,68902,72379,138013,134732,141530,1330,1097,1592,2601,2145,3114,20159,18824,21625,39419.0,36810,42286,0,0,872,851,893,1705,1664,1747,668,652,685,1307,1276,1340,13,10,15,25,20,29,191,178,205,373,349,400,0,0,0.767,0.753,0.779,0.014,0.012,0.017,0.219,0.206,0.233,0.0,0.0,0.0,0.051,0.044,0.06,0.039,0.034,0.046,0.001,0.001,0.001,0.011,0.009,0.013,0.0,0.0,0.0,0
217,Sierra Leone,SLE,Country,2021,432631,401465,462872,1811534,1681031,1938161,72884,55613,92593,305183,232865,387711,1125,560,1941,4709,2346,8127,166440,141638,191305,696925.0,593072,801043,192183,804716,49,45,52,204,189,218,8,6,10,34,26,44,0,0,0,1,0,1,19,16,22,79,67,90,22,91,0.168,0.133,0.206,0.003,0.001,0.004,0.384,0.345,0.423,0.445,0.415,0.479,0.106,0.098,0.114,0.018,0.013,0.023,0.0,0.0,0.0,0.041,0.035,0.047,0.047,0.046,0.048,0
69,Singapore,SGP,Country,2021,25027727,24428462,25645310,38552926,37629813,39504256,15821891,15303955,16365080,24372177,23574344,25208910,3621405,3428048,3824785,5578443,5280594,5891732,5584431,5340483,5869819,8602305.0,8226526,9041920,0,0,4371,4266,4479,6733,6572,6899,2763,2673,2858,4256,4117,4402,632,599,668,974,922,1029,975,933,1025,1502,1437,1579,0,0,0.632,0.621,0.643,0.145,0.137,0.153,0.223,0.213,0.233,0.0,0.0,0.0,0.055,0.052,0.059,0.034,0.032,0.037,0.008,0.007,0.009,0.012,0.011,0.013,0.0,0.0,0.0,1
54,Slovakia,SVK,Country,2021,8805099,8522884,9109099,16643306,16109866,17217923,7020854,6779970,7286214,13270744,12815429,13772326,73000,47638,105572,137984,90046,199551,1711245,1571534,1889456,3234578.0,2970497,3571429,0,0,1622,1570,1678,3066,2968,3172,1294,1249,1342,2445,2361,2538,13,9,19,25,17,37,315,290,348,596,547,658,0,0,0.797,0.781,0.811,0.008,0.005,0.012,0.194,0.18,0.21,0.0,0.0,0.0,0.078,0.075,0.081,0.062,0.06,0.064,0.001,0.0,0.001,0.015,0.014,0.017,0.0,0.0,0.0,3
55,Slovenia,SVN,Country,2021,5547500,5399892,5696844,9484505,9232142,9739836,4070723,3923606,4219959,6959674,6708149,7214821,761101,731127,796509,1301246,1250000,1361783,715677,699163,732265,1223585.0,1195351,1251946,0,0,2677,2606,2749,4577,4456,4701,1965,1894,2037,3359,3237,3482,367,353,384,628,603,657,345,337,353,591,577,604,0,0,0.734,0.724,0.743,0.137,0.131,0.143,0.129,0.125,0.133,0.0,0.0,0.0,0.096,0.094,0.099,0.071,0.068,0.073,0.013,0.013,0.014,0.012,0.012,0.013,0.0,0.0,0.0,3
28,Solomon Islands,SLB,Country,2021,107922,98644,117746,113791,104008,124150,55639,46874,65312,58665,49423,68864,7,0,16,8,0,17,2875,2011,3882,3031.0,2121,4093,49401,52087,158,145,173,167,153,182,82,69,96,86,72,101,0,0,0,0,0,0,4,3,6,4,3,6,72,76,0.515,0.47,0.555,0.0,0.0,0.0,0.027,0.019,0.035,0.459,0.42,0.501,0.066,0.061,0.073,0.034,0.029,0.04,0.0,0.0,0.0,0.002,0.001,0.002,0.03,0.03,0.031,0
187,Somalia,SOM,Country,2021,387327,344038,437818,1013597,900315,1145729,38509,27394,51440,100775,71688,134614,615,302,1073,1608,791,2809,138171,96153,187776,361580.0,251622,491391,210032,549633,18,16,20,47,42,53,2,1,2,5,3,6,0,0,0,0,0,0,6,4,9,17,12,23,10,25,0.099,0.072,0.13,0.002,0.001,0.003,0.355,0.277,0.431,0.544,0.48,0.61,0.028,0.024,0.031,0.003,0.002,0.004,0.0,0.0,0.0,0.01,0.007,0.013,0.015,0.014,0.016,0
196,South Africa,ZAF,Country,2021,33855347,31974193,35848107,79660390,75234102,84349280,19739352,18405348,21035997,46445972,43307108,49496930,10769326,9450116,12153975,25339828,22235777,28597858,1842109,1457921,2250328,4334414.0,3430434,5294940,1504560,3540175,598,565,633,1407,1329,1490,349,325,371,820,765,874,190,167,215,447,393,505,33,26,40,77,61,94,27,63,0.583,0.555,0.611,0.318,0.289,0.347,0.054,0.044,0.067,0.044,0.042,0.047,0.09,0.085,0.095,0.052,0.049,0.056,0.029,0.025,0.032,0.005,0.004,0.006,0.004,0.004,0.004,0
435,South Sudan,SSD,Country,2021,599074,571395,634020,467330,445738,494591,76710,59684,96668,59841,46559,75410,26364,17034,39079,20567,13288,30485,111445,90051,136355,86937.0,70247,106369,384555,299987,62,59,66,49,46,51,8,6,10,6,5,8,3,2,4,2,1,3,12,9,14,9,7,11,40,31,0.128,0.103,0.157,0.044,0.029,0.065,0.186,0.154,0.221,0.642,0.607,0.673,0.107,0.043,0.191,0.014,0.005,0.025,0.005,0.002,0.01,0.02,0.007,0.037,0.068,0.028,0.12,0
92,Spain,ESP,Country,2021,142182838,138847675,145514300,227510913,222174222,232841684,101752773,98519187,105062457,162817586,157643431,168113508,10557626,9928338,11231596,16893566,15886623,17972005,29872439,29162303,30639498,47799762.0,46663453,49027156,0,0,3115,3042,3188,4984,4868,5101,2229,2158,2302,3567,3454,3683,231,218,246,370,348,394,654,639,671,1047,1022,1074,0,0,0.716,0.708,0.724,0.074,0.07,0.079,0.21,0.204,0.217,0.0,0.0,0.0,0.11,0.108,0.113,0.079,0.076,0.081,0.008,0.008,0.009,0.023,0.023,0.024,0.0,0.0,0.0,3
17,Sri Lanka,LKA,Country,2021,3832324,3533393,4143200,16360537,15084375,17687693,1558248,1341079,1812276,6652300,5725188,7736768,199575,127184,306714,852003,542959,1309390,1455677,1260515,1683712,6214415.0,5381251,7187916,618825,2641819,172,159,186,734,677,794,70,60,81,298,257,347,9,6,14,38,24,59,65,57,76,279,241,323,28,119,0.406,0.365,0.45,0.052,0.034,0.077,0.38,0.339,0.423,0.162,0.149,0.175,0.047,0.043,0.05,0.019,0.016,0.022,0.002,0.002,0.004,0.018,0.015,0.021,0.008,0.007,0.008,0
522,Sudan,SDN,Country,2021,1297402,1173163,1442614,7834985,7084710,8711919,270532,216080,330295,1633739,1304903,1994647,59221,33517,95412,357634,202407,576192,557454,448830,689604,3366452.0,2710473,4164506,410195,2477159,30,27,33,180,163,200,6,5,8,38,30,46,1,1,2,8,5,13,13,10,16,77,62,96,9,57,0.209,0.171,0.247,0.046,0.027,0.07,0.429,0.375,0.485,0.317,0.284,0.35,0.034,0.024,0.044,0.007,0.005,0.01,0.002,0.001,0.003,0.015,0.01,0.02,0.011,0.008,0.013,0
118,Suriname,SUR,Country,2021,200219,186507,216202,615945,573760,665112,119077,108792,129422,366322,334682,398148,26507,20080,34133,81546,61774,105004,48302,41100,55889,148593.0,126438,171934,6334,19484,345,321,372,1061,988,1146,205,187,223,631,577,686,46,35,59,140,106,181,83,71,96,256,218,296,11,34,0.595,0.561,0.631,0.132,0.102,0.164,0.241,0.213,0.272,0.032,0.029,0.034,0.062,0.057,0.069,0.037,0.033,0.041,0.008,0.006,0.011,0.015,0.013,0.018,0.002,0.002,0.002,0
93,Sweden,SWE,Country,2021,64405690,62320399,66652862,75754727,73301983,78397876,55365419,53195280,57544872,65121454,62568911,67684952,633019,603018,667556,744564,709277,785187,8407252,8141561,8684539,9888708.0,9576199,10214856,0,0,6210,6009,6427,7305,7068,7560,5339,5129,5549,6280,6033,6527,61,58,64,72,68,76,811,785,837,954,923,985,0,0,0.86,0.853,0.865,0.01,0.009,0.01,0.131,0.125,0.137,0.0,0.0,0.0,0.113,0.109,0.117,0.097,0.093,0.101,0.001,0.001,0.001,0.015,0.014,0.015,0.0,0.0,0.0,1
94,Switzerland,CHE,Country,2021,92793439,91253170,94299127,85440808,84022585,86827191,33536341,33034495,34106659,30879037,30416956,31404165,38187568,36943083,39453638,35161717,34015841,36327468,21069530,20731988,21455957,19400054.0,19089257,19755861,0,0,10361,10189,10529,9540,9382,9695,3745,3689,3808,3448,3396,3507,4264,4125,4405,3926,3798,4056,2353,2315,2396,2166,2131,2206,0,0,0.361,0.355,0.367,0.412,0.403,0.419,0.227,0.222,0.232,0.0,0.0,0.0,0.113,0.111,0.115,0.041,0.04,0.041,0.046,0.045,0.048,0.026,0.025,0.026,0.0,0.0,0.0,2
153,Syrian Arab Republic,SYR,Country,2021,801631,682347,941287,122286510,104090093,143590641,309520,221385,410464,47216446,33771647,62615102,12588,6213,21953,1920255,947720,3348840,299764,217227,392872,45728179.0,33137356,59931444,179758,27421630,57,49,67,8708,7412,10225,22,16,29,3362,2405,4459,1,0,2,137,67,238,21,15,28,3256,2360,4268,13,1953,0.385,0.307,0.479,0.016,0.008,0.027,0.373,0.288,0.451,0.226,0.191,0.263,0.041,0.034,0.05,0.016,0.011,0.022,0.001,0.0,0.001,0.015,0.011,0.021,0.009,0.009,0.01,0
8,Taiwan,TWN,Country,2021,46145151,44692270,47431379,97817901,94738102,100544432,30621904,29519483,31746079,64911921,62575023,67294932,2716577,2058847,3418366,5758565,4364318,7246208,12806670,12104881,13464400,27147415.0,25659772,28541662,0,0,1955,1893,2009,4143,4013,4259,1297,1250,1345,2750,2651,2850,115,87,145,244,185,307,542,513,570,1150,1087,1209,0,0,0.664,0.648,0.68,0.059,0.045,0.073,0.278,0.264,0.29,0.0,0.0,0.0,0.062,0.059,0.065,0.041,0.039,0.043,0.004,0.003,0.005,0.017,0.016,0.018,0.0,0.0,0.0,3
39,Tajikistan,TJK,Country,2021,857375,832071,883683,3971835,3854617,4093710,189053,173520,205451,875798,803841,951765,1022,505,1781,4734,2338,8251,498309,478823,517971,2308445.0,2218173,2399528,168991,782858,85,82,87,392,381,404,19,17,20,86,79,94,0,0,0,0,0,1,49,47,51,228,219,237,17,77,0.22,0.207,0.236,0.001,0.001,0.002,0.581,0.567,0.594,0.197,0.191,0.203,0.085,0.082,0.087,0.019,0.017,0.02,0.0,0.0,0.0,0.049,0.047,0.051,0.017,0.017,0.017,0
18,Thailand,THA,Country,2021,24989121,23521214,26476397,74776192,70383700,79226644,17325230,16450003,18144444,51843149,49224165,54294524,5189732,4084944,6527408,15529495,12223583,19532289,2306906,1962104,2723270,6903069.0,5871303,8148976,167253,500480,375,353,397,1122,1056,1189,260,247,272,778,739,815,78,61,98,233,183,293,35,29,41,104,88,122,3,8,0.694,0.657,0.728,0.207,0.169,0.248,0.092,0.078,0.108,0.007,0.006,0.007,0.055,0.052,0.059,0.038,0.036,0.04,0.011,0.009,0.014,0.005,0.004,0.006,0.0,0.0,0.0,0
19,Timor-Leste,TLS,Country,2021,213504,201092,227921,409797,385973,437468,121359,108642,134706,232935,208525,258552,0,0,1,1,0,1,11727,10096,13636,22509.0,19379,26172,80418,154353,153,144,163,294,277,314,87,78,97,167,149,185,0,0,0,0,0,0,8,7,10,16,14,19,58,111,0.568,0.541,0.595,0.0,0.0,0.0,0.055,0.047,0.063,0.377,0.353,0.4,0.063,0.049,0.072,0.036,0.027,0.042,0.0,0.0,0.0,0.003,0.003,0.004,0.024,0.019,0.026,0
218,Togo,TGO,Country,2021,568439,548743,589637,1603422,1547862,1663216,44001,34011,55377,124117,95935,156205,21755,10999,37222,61366,31025,104995,297826,286285,310448,840092.0,807536,875693,204856,577847,68,66,70,192,185,199,5,4,7,15,11,19,3,1,4,7,4,13,36,34,37,100,97,105,24,69,0.077,0.061,0.095,0.038,0.02,0.064,0.524,0.506,0.542,0.361,0.347,0.373,0.077,0.074,0.08,0.006,0.005,0.007,0.003,0.001,0.005,0.04,0.039,0.042,0.028,0.027,0.028,0
413,Tokelau,TKL,Country,2021,1900,1706,2143,2333,2095,2631,610,434,814,748,532,1000,40,19,70,49,24,86,348,242,473,427.0,297,581,902,1108,1384,1243,1561,1700,1526,1917,444,316,593,545,388,728,29,14,51,36,17,63,254,177,345,311,217,423,657,807,0.32,0.253,0.391,0.021,0.01,0.036,0.183,0.134,0.238,0.477,0.421,0.529,0.163,0.145,0.185,0.052,0.037,0.07,0.003,0.002,0.006,0.03,0.021,0.041,0.078,0.074,0.081,0
29,Tonga,TON,Country,2021,32262,31894,32727,43303,42809,43927,18530,18312,18739,24871,24578,25153,948,671,1382,1273,901,1854,1416,1311,1525,1900.0,1759,2047,11368,15259,304,301,309,408,404,414,175,173,177,234,232,237,9,6,13,12,8,17,13,12,14,18,17,19,107,144,0.574,0.566,0.58,0.029,0.021,0.042,0.044,0.041,0.047,0.352,0.347,0.356,0.061,0.059,0.065,0.035,0.034,0.037,0.002,0.001,0.003,0.003,0.002,0.003,0.022,0.021,0.023,0
119,Trinidad and Tobago,TTO,Country,2021,2131439,2049115,2215066,2913629,2801094,3027945,999907,944375,1056508,1366850,1290939,1444222,142222,131742,153744,194415,180088,210164,989310,921498,1055373,1352364.0,1259667,1442670,0,0,1528,1469,1588,2089,2009,2171,717,677,758,980,926,1036,102,94,110,139,129,151,709,661,757,970,903,1035,0,0,0.469,0.448,0.491,0.067,0.062,0.073,0.464,0.442,0.485,0.0,0.0,0.0,0.076,0.07,0.082,0.036,0.032,0.039,0.005,0.005,0.006,0.035,0.032,0.039,0.0,0.0,0.0,3
154,Tunisia,TUN,Country,2021,3407848,3142769,3674768,11348832,10466065,12237730,1855567,1656721,2046468,6179417,5517222,6815159,172977,99118,268428,576049,330082,893921,1087213,924209,1287918,3620642.0,3077806,4289032,292091,972724,287,265,309,956,881,1031,156,140,172,520,465,574,15,8,23,49,28,75,92,78,108,305,259,361,25,82,0.545,0.502,0.586,0.051,0.03,0.078,0.319,0.278,0.359,0.086,0.079,0.093,0.076,0.069,0.083,0.041,0.037,0.046,0.004,0.002,0.006,0.024,0.02,0.029,0.006,0.006,0.007,0
40,Turkmenistan,TKM,Country,2021,4263990,3972787,4584130,6554247,6106634,7046339,673683,604026,757896,1035528,928458,1164974,221386,183603,265007,340296,282219,407347,3330941,3045651,3634016,5120042.0,4681519,5585904,37981,58381,827,770,889,1271,1184,1366,131,117,147,201,180,226,43,36,51,66,55,79,646,590,705,993,908,1083,7,11,0.158,0.14,0.178,0.052,0.043,0.062,0.781,0.759,0.803,0.009,0.008,0.01,0.079,0.057,0.118,0.012,0.009,0.019,0.004,0.003,0.006,0.062,0.044,0.093,0.001,0.001,0.001,3
416,Tuvalu,TUV,Country,2021,10717,9942,11458,10583,9818,11314,5912,5170,6623,5838,5105,6540,0,0,1,0,0,1,747,520,1016,738.0,514,1003,4057,4006,866,803,926,855,793,914,478,418,535,472,412,528,0,0,0,0,0,0,60,42,82,60,41,81,328,324,0.551,0.515,0.584,0.0,0.0,0.0,0.07,0.05,0.092,0.379,0.354,0.408,0.166,0.153,0.179,0.092,0.08,0.103,0.0,0.0,0.0,0.012,0.008,0.016,0.063,0.061,0.065,0
155,TÃ¼rkiye,TUR,Country,2021,39330234,37026691,41524330,145553504,137028540,153673424,30780861,28907292,32642965,113913947,106980231,120805227,1994348,1257824,3021121,7380690,4654961,11180576,6449969,5356301,7641169,23870074.0,19822621,28278473,105056,388792,471,443,497,1743,1641,1840,369,346,391,1364,1281,1446,24,15,36,88,56,134,77,64,91,286,237,339,1,5,0.783,0.753,0.812,0.051,0.032,0.074,0.164,0.138,0.191,0.003,0.003,0.003,0.046,0.044,0.049,0.036,0.034,0.039,0.002,0.001,0.004,0.008,0.006,0.009,0.0,0.0,0.0,0
190,Uganda,UGA,Country,2021,2435989,2277101,2623182,6760644,6319680,7280163,506692,394930,643207,1406232,1096056,1785103,90612,51457,153588,251476,142809,426255,657299,541383,780909,1824213.0,1502510,2167270,1181387,3278723,56,53,61,156,146,168,12,9,15,32,25,41,2,1,4,6,3,10,15,13,18,42,35,50,27,76,0.208,0.169,0.25,0.037,0.021,0.06,0.27,0.234,0.31,0.486,0.45,0.519,0.055,0.05,0.06,0.011,0.009,0.014,0.002,0.001,0.003,0.015,0.012,0.018,0.027,0.025,0.028,0
63,Ukraine,UKR,Country,2021,18538955,17583791,19625123,51854985,49183311,54893086,9291743,8480559,10285435,25989771,23720821,28769210,291434,157051,475789,815164,439284,1330820,8443477,8053252,8889823,23617100.0,22525611,24865566,512301,1432949,431,409,456,1206,1144,1277,216,197,239,604,552,669,7,4,11,19,10,31,196,187,207,549,524,578,12,33,0.501,0.475,0.53,0.016,0.008,0.025,0.456,0.428,0.48,0.028,0.026,0.029,0.081,0.075,0.088,0.041,0.037,0.046,0.001,0.001,0.002,0.037,0.034,0.04,0.002,0.002,0.002,0
156,United Arab Emirates,ARE,Country,2021,24003656,22939368,25127035,39530630,37777897,41380675,15727908,14778059,16689862,25901642,24337375,27485844,5649490,5374792,5905112,9303912,8851523,9724885,2626258,2261779,3024859,4325076.0,3724830,4981515,0,0,2484,2373,2600,4090,3909,4281,1627,1529,1727,2680,2518,2844,585,556,611,963,916,1006,272,234,313,447,385,515,0,0,0.655,0.638,0.673,0.235,0.223,0.25,0.109,0.095,0.124,0.0,0.0,0.0,0.05,0.047,0.052,0.033,0.03,0.035,0.012,0.011,0.012,0.005,0.005,0.006,0.0,0.0,0.0,3
95,United Kingdom,GBR,Country,2021,366360523,362122877,370568695,442013065,436900356,447090215,306454021,302907957,310507498,369736018,365457701,374626529,10211418,9746162,10677465,12320051,11758721,12882336,49695084,47787307,51640439,59956996.0,57655268,62304062,0,0,5406,5343,5468,6522,6446,6597,4522,4469,4582,5455,5392,5528,151,144,158,182,174,190,733,705,762,885,851,919,0,0,0.836,0.832,0.841,0.028,0.026,0.029,0.136,0.131,0.141,0.0,0.0,0.0,0.122,0.12,0.124,0.102,0.1,0.104,0.003,0.003,0.004,0.017,0.016,0.017,0.0,0.0,0.0,1
189,United Republic of Tanzania,TZA,Country,2021,2348510,2117871,2569502,6361818,5737047,6960457,698904,554081,870185,1893244,1500936,2357222,26177,12920,45624,70911,34999,123590,610243,469756,782561,1653073.0,1272511,2119858,1013185,2744591,40,36,44,108,98,118,12,9,15,32,26,40,0,0,1,1,1,2,10,8,13,28,22,36,17,47,0.297,0.249,0.352,0.011,0.006,0.02,0.259,0.214,0.311,0.432,0.394,0.478,0.034,0.03,0.039,0.01,0.008,0.013,0.0,0.0,0.001,0.009,0.007,0.011,0.015,0.014,0.016,0
422,United States Virgin Islands,VIR,Country,2021,122984,93428,153662,122984,93428,153662,93099,66229,124359,93099,66229,124359,4366,2155,7614,4366,2155,7614,25518,17758,34679,25518.0,17758,34679,0,0,1432,1088,1789,1432,1088,1789,1084,771,1448,1084,771,1448,51,25,89,51,25,89,297,207,404,297,207,404,0,0,0.755,0.673,0.834,0.036,0.018,0.063,0.209,0.142,0.281,0.0,0.0,0.0,0.032,0.024,0.042,0.024,0.017,0.033,0.001,0.001,0.002,0.007,0.005,0.009,0.0,0.0,0.0,3
102,United States of America,USA,Country,2021,4333917544,4246055348,4432567007,4333917544,4246055348,4432567007,2400230193,2355673697,2446304431,2400230193,2355673697,2446304431,1468187100,1408541277,1526323884,1468187100,1408541277,1526323884,465500251,420508446,516278125,465500251.0,420508446,516278125,0,0,13044,12779,13341,13044,12779,13341,7224,7090,7363,7224,7090,7363,4419,4239,4594,4419,4239,4594,1401,1266,1554,1401,1266,1554,0,0,0.554,0.544,0.564,0.339,0.328,0.348,0.107,0.098,0.118,0.0,0.0,0.0,0.174,0.17,0.178,0.096,0.094,0.098,0.059,0.056,0.061,0.019,0.017,0.021,0.0,0.0,0.0,2
99,Uruguay,URY,Country,2021,6131797,6022514,6243037,8504538,8352967,8658823,4534706,4444595,4620425,6289441,6164462,6408330,648049,612045,685503,898817,848881,950763,949042,896367,1004052,1316280.0,1243222,1392577,0,0,1810,1777,1842,2510,2465,2555,1338,1312,1363,1856,1819,1891,191,181,202,265,251,281,280,265,296,388,367,411,0,0,0.74,0.731,0.748,0.106,0.1,0.111,0.155,0.147,0.163,0.0,0.0,0.0,0.094,0.09,0.097,0.069,0.067,0.072,0.01,0.009,0.011,0.014,0.014,0.016,0.0,0.0,0.0,3
41,Uzbekistan,UZB,Country,2021,6082558,5544741,6670892,25702235,23429656,28188277,2306168,1885732,2779626,9744861,7968281,11745487,29228,14438,50926,123504,61009,215193,3598720,3245882,3980110,15206620.0,13715683,16818208,148442,627251,179,163,197,758,691,831,68,56,82,287,235,346,1,0,2,4,2,6,106,96,117,448,404,496,4,18,0.379,0.326,0.43,0.005,0.002,0.008,0.592,0.542,0.643,0.024,0.022,0.027,0.081,0.074,0.09,0.031,0.025,0.037,0.0,0.0,0.001,0.048,0.043,0.053,0.002,0.002,0.002,0
30,Vanuatu,VUT,Country,2021,51141,48375,53787,44453,42048,46753,13215,10927,15741,11487,9498,13682,1347,691,2271,1171,600,1974,3437,2472,4621,2988.0,2148,4017,33141,28807,163,154,172,142,134,149,42,35,50,37,30,44,4,2,7,4,2,6,11,8,15,10,7,13,106,92,0.258,0.224,0.297,0.026,0.014,0.044,0.067,0.049,0.091,0.649,0.616,0.685,0.048,0.045,0.05,0.012,0.01,0.015,0.001,0.001,0.002,0.003,0.002,0.004,0.031,0.03,0.032,0
133,Venezuela (Bolivarian Republic of),VEN,Country,2021,5160500,4500051,5947420,8,7,10,2311022,1889716,2810485,4,3,5,1251708,890263,1753003,2,1,3,1532980,1220733,1853693,2.0,2,3,64789,0,194,169,223,0,0,0,87,71,105,0,0,0,47,33,66,0,0,0,57,46,70,0,0,0,2,0,0.448,0.379,0.514,0.242,0.183,0.316,0.298,0.243,0.354,0.013,0.011,0.014,0.038,0.027,0.055,0.017,0.011,0.026,0.009,0.006,0.015,0.011,0.008,0.016,0.0,0.0,0.001,0
20,Viet Nam,VNM,Country,2021,17157028,16018419,18388774,55771799,52070558,59775798,7375907,6837821,7939736,23976625,22227484,25809446,2371602,1479642,3517424,7709291,4809825,11433976,7005556,6549862,7477782,22772735.0,21291426,24307785,403962,1313147,171,160,184,557,520,597,74,68,79,239,222,258,24,15,35,77,48,114,70,65,75,227,212,243,4,13,0.43,0.395,0.464,0.138,0.09,0.196,0.409,0.374,0.437,0.024,0.022,0.025,0.044,0.041,0.048,0.019,0.018,0.021,0.006,0.004,0.009,0.018,0.017,0.019,0.001,0.001,0.001,0
157,Yemen,YEM,Country,2021,1235685,1048202,1441821,3558888,3018917,4152578,128212,91879,172664,369263,264620,497289,8926,4403,15580,25709,12682,44872,707517,523049,913465,2037713.0,1506429,2630863,391030,1126203,37,31,43,106,90,123,4,3,5,11,8,15,0,0,0,1,0,1,21,16,27,61,45,78,12,33,0.104,0.073,0.138,0.007,0.004,0.012,0.57,0.501,0.636,0.319,0.271,0.373,0.059,0.042,0.087,0.006,0.004,0.01,0.0,0.0,0.001,0.034,0.022,0.053,0.019,0.014,0.026,0
191,Zambia,ZMB,Country,2021,1745633,1679432,1810712,4574943,4401444,4745500,801452,741534,861495,2100441,1943406,2257800,21276,10554,37116,55759,27659,97273,132765,112287,154146,347949.0,294281,403984,790141,2070795,89,86,93,235,226,243,41,38,44,108,100,116,1,1,2,3,1,5,7,6,8,18,15,21,41,106,0.459,0.438,0.479,0.012,0.006,0.021,0.076,0.064,0.088,0.453,0.436,0.47,0.06,0.057,0.063,0.028,0.025,0.03,0.001,0.0,0.001,0.005,0.004,0.005,0.027,0.026,0.028,0
198,Zimbabwe,ZWE,Country,2021,763690,762048,765784,998392,996244,1001129,6577,5130,8293,8598,6707,10842,2009,1231,3158,2627,1609,4128,1648,1273,2101,2154.0,1664,2747,753457,985013,49,49,49,64,64,64,0,0,1,1,0,1,0,0,0,0,0,0,0,0,0,0,0,0,48,63,0.009,0.007,0.011,0.003,0.002,0.004,0.002,0.002,0.003,0.987,0.984,0.989,0.026,0.025,0.027,0.0,0.0,0.0,0.0,0.0,0.0,0.0,0.0,0.0,0.026,0.025,0.027,0
